customer_id,website_visit_recency,Website_visit_freq,website_shopping_value
1001,215,31,55.78
1002,2,23,887.77
1003,90,30,406.93
1004,298,17,78.27
1005,345,28,5599.21
1006,340,32,6331.93
1007,346,26,2405.13
1008,76,23,1235.8
1009,86,14,836.7
1010,98,21,988.08
1011,234,26,370.26
1012,58,23,357.17
1013,290,22,2519.02
1014,224,27,345.97
1015,273,28,261.55
1016,79,33,78.26
1017,31,26,1267.92
1018,147,22,738.43
1019,281,23,517.9
1020,240,24,842.42
1021,351,26,428.95
1022,265,25,1571
1023,72,18,1039.13
1024,130,24,599.91
1025,122,25,451.83
1026,208,28,55.27
1027,170,26,510.02
1028,138,19,624.78
1029,11,31,270.2
1030,307,30,1783.56
1031,308,32,2464.05
1032,44,24,653.68
1033,75,34,335.36
1034,142,29,364.89
1035,280,15,2749.11
1036,293,30,328.62
1037,36,26,433.29
1038,168,22,1314.03
1039,354,26,3525.55
1040,78,27,607.33
1041,292,27,2231.86
1042,207,28,1236.32
1043,67,27,801.54
1044,73,18,34.5
1045,156,31,175.94
1046,224,27,945.32
1047,336,28,2941.84
1048,152,27,3335.95
1049,51,28,300.91
1050,292,19,903.53
1051,337,27,1172.87
1052,194,26,2232.63
1053,270,20,652.24
1054,211,17,766.27
1055,244,24,1700.17
1056,289,26,844.39
1057,214,28,355.37
1058,144,15,7139.4
1059,243,24,1774.76
1060,133,22,669.52
1061,323,18,111.21
1062,187,28,779.19
1063,8,30,1345.91
1064,338,28,113.32
1065,192,26,24.37
1066,170,25,395.59
1067,41,14,379.8
1068,185,25,1983.11
1069,49,18,1742.21
1070,247,30,382.02
1071,178,24,1662.72
1072,238,21,998.99
1073,16,17,154.11
1074,91,23,116.27
1075,3,22,314.74
1076,127,22,326.15
1077,22,26,907.4
1078,105,27,825.63
1079,263,23,2475.09
1080,338,26,399.37
1081,70,22,39.18
1082,325,24,653.05
1083,201,21,332.42
1084,347,19,330.61
1085,255,25,1615.76
1086,227,32,1228.54
1087,263,28,376.61
1088,152,30,1348.3
1089,153,18,1195.76
1090,252,28,23.03
1091,7,27,1168.86
1092,218,26,620.96
1093,24,30,1052.85
1094,203,28,758.12
1095,146,23,184.08
1096,342,20,73.12
1097,1,23,130.21
1098,207,28,1612.23
1099,321,27,563.93
1100,316,13,1154.58
1101,20,18,1090.24
1102,338,14,831.04
1103,266,22,1807.16
1104,94,24,1260.71
1105,337,22,1713.28
1106,191,27,2847.54
1107,170,27,164.45
1108,35,17,635.18
1109,255,24,3225.89
1110,349,23,64.17
1111,251,30,2064.79
1112,193,28,1.99
1113,9,24,468.99
1114,72,28,159.22
1115,322,28,1541.04
1116,169,18,801.9
1117,201,25,602.02
1118,295,28,3090.06
1119,262,29,548.7
1120,137,27,72.04
1121,299,21,3391.95
1122,212,25,772.82
1123,38,25,41.01
1124,151,24,55.04
1125,273,25,835.96
1126,161,25,344.93
1127,112,29,4738.59
1128,259,21,2338.01
1129,270,26,224.46
1130,282,19,809.07
1131,276,29,222.33
1132,273,20,2310.46
1133,126,29,1562.38
1134,119,23,640.17
1135,302,30,187.68
1136,338,18,226.86
1137,173,26,142.43
1138,143,20,531.98
1139,89,26,3304.17
1140,121,24,225.27
1141,246,30,64.2
1142,287,23,2152.12
1143,194,28,292.42
1144,139,27,361.52
1145,336,28,618.42
1146,36,37,714.92
1147,303,26,483.73
1148,270,21,604.26
1149,70,36,991.4
1150,121,25,878.71
1151,342,28,2903.18
1152,54,25,5470.12
1153,247,28,1075.27
1154,15,21,263.57
1155,197,26,371.82
1156,42,24,2219.1
1157,249,27,296.94
1158,155,27,1034.89
1159,304,23,71.54
1160,294,25,1088.43
1161,40,26,213.42
1162,327,27,393.09
1163,231,24,310.5
1164,156,23,422.75
1165,138,25,855.31
1166,135,24,479.3
1167,292,21,2086.32
1168,19,19,227.06
1169,221,23,106.88
1170,320,19,1825.18
1171,146,30,320.3
1172,60,11,501.25
1173,349,20,189.87
1174,301,24,329.52
1175,197,24,1108.06
1176,272,25,150.74
1177,215,30,410.34
1178,274,27,34.78
1179,2,22,1400.86
1180,15,22,1535.76
1181,290,18,52.62
1182,31,13,2089.05
1183,240,17,1046.13
1184,154,27,212.63
1185,126,25,53.92
1186,220,31,79.3
1187,191,19,1559.11
1188,277,25,48.23
1189,82,24,444.61
1190,30,28,21.79
1191,343,20,121.97
1192,114,27,189.63
1193,141,25,1713.39
1194,24,21,5122.46
1195,71,30,20.86
1196,79,28,956.21
1197,99,21,223
1198,221,20,1140.05
1199,327,29,853.7
1200,41,25,287.21
1201,288,24,2763.72
1202,124,34,243.85
1203,125,26,1222.54
1204,234,14,60.3
1205,312,20,2159.57
1206,183,24,746.63
1207,21,26,763.68
1208,138,29,1055.15
1209,159,22,59.3
1210,217,25,593.01
1211,111,36,296.86
1212,95,22,698.47
1213,328,29,353.89
1214,245,24,1301.73
1215,56,28,1558.19
1216,335,26,2059.5
1217,219,23,2757.64
1218,294,23,716.39
1219,147,26,1235.76
1220,165,37,338.77
1221,333,23,803.09
1222,26,25,4047.97
1223,76,27,475.01
1224,234,23,249.38
1225,171,28,380.05
1226,290,24,857.1
1227,149,19,1485.13
1228,240,28,109.77
1229,352,18,1459.52
1230,247,32,463.58
1231,313,31,1019.89
1232,286,32,2274.01
1233,10,24,818.35
1234,243,26,1206.16
1235,108,28,2281.23
1236,116,24,1557.84
1237,352,28,375.38
1238,5,24,1.09
1239,268,29,377.84
1240,143,17,878.31
1241,336,24,753.47
1242,56,22,223.41
1243,176,18,1478.86
1244,177,17,698.11
1245,30,35,1051.21
1246,106,25,1184.81
1247,160,27,1752.9
1248,312,26,3321.36
1249,306,21,1769.02
1250,20,24,235.73
1251,76,25,2705.67
1252,89,27,280.37
1253,335,26,497.43
1254,204,26,1885.14
1255,162,19,164.83
1256,298,32,81.74
1257,142,27,621.96
1258,357,17,888.63
1259,100,25,1140.19
1260,331,22,703.34
1261,295,21,1608.42
1262,339,16,1444.68
1263,341,29,129.29
1264,147,26,509.06
1265,358,18,2062.75
1266,283,29,2059.14
1267,176,24,1347.88
1268,312,22,130.98
1269,68,24,1032.98
1270,257,30,1053.18
1271,23,22,786.38
1272,91,33,1335.05
1273,357,11,406.55
1274,306,21,1262.87
1275,166,32,2143.96
1276,344,21,570.65
1277,233,16,733.4
1278,181,15,1434.64
1279,316,25,2727.76
1280,217,21,1557.67
1281,22,26,364.28
1282,84,26,272.05
1283,159,23,763.12
1284,328,27,2115.29
1285,343,27,281.61
1286,106,23,97.17
1287,191,38,601.07
1288,317,20,1498.95
1289,12,21,1902.13
1290,258,17,2016.03
1291,289,30,114.9
1292,173,26,583.92
1293,136,26,475.66
1294,287,29,4565.93
1295,147,30,1403.4
1296,111,19,530.64
1297,16,26,542.42
1298,96,26,609.83
1299,156,24,649.05
1300,284,29,2505.51
1301,102,39,978.1
1302,50,29,1682.73
1303,326,11,1452.01
1304,65,32,1706.13
1305,149,30,61.02
1306,188,22,922.71
1307,187,36,382.76
1308,219,32,358.14
1309,237,28,2718.88
1310,20,22,2341.3
1311,192,23,597.94
1312,240,28,292.28
1313,345,25,2688.01
1314,107,26,2052.98
1315,176,27,759.9
1316,242,24,439.01
1317,135,21,1160.75
1318,271,21,666.32
1319,18,25,2000.57
1320,222,20,605.81
1321,119,30,74.92
1322,225,33,1972.53
1323,346,19,861.84
1324,314,23,221.93
1325,281,26,786.28
1326,282,18,196.28
1327,14,23,1587.97
1328,296,29,748.97
1329,350,31,336.11
1330,234,24,1081.66
1331,174,21,1055.78
1332,4,26,587.18
1333,98,15,2231.8
1334,185,26,782.7
1335,202,26,347.37
1336,271,28,258.17
1337,238,25,1989.61
1338,20,30,72.63
1339,39,21,263.5
1340,132,21,231.96
1341,30,27,65.14
1342,245,32,883.46
1343,186,23,120.85
1344,329,34,1991.44
1345,304,26,1550.73
1346,258,23,253.16
1347,146,26,115.12
1348,87,15,239.51
1349,182,24,742.8
1350,87,20,1274.58
1351,202,30,212.69
1352,199,23,60.59
1353,122,28,283.73
1354,354,32,2522.28
1355,175,32,898.58
1356,163,19,2207.85
1357,163,19,1105.81
1358,109,15,856.65
1359,90,22,30.05
1360,139,22,1175.03
1361,26,34,714.15
1362,7,32,283.37
1363,21,27,807.59
1364,122,25,313.28
1365,162,27,605.31
1366,354,27,76.93
1367,31,18,1866.53
1368,241,24,649.99
1369,353,25,2206.66
1370,301,22,217.83
1371,276,28,1837.12
1372,86,24,172.48
1373,161,18,585.67
1374,36,28,2672.01
1375,247,25,1521.39
1376,190,29,582.29
1377,264,20,1308.78
1378,266,26,382.98
1379,169,32,1051.46
1380,106,13,65.75
1381,38,22,1088.18
1382,185,33,1150.79
1383,228,32,1217.1
1384,39,29,295.4
1385,200,13,2203.03
1386,215,27,444.81
1387,259,32,2114.47
1388,163,30,392.49
1389,278,27,377.04
1390,91,25,227.41
1391,59,24,1732.83
1392,38,18,2466.47
1393,244,23,93.33
1394,73,24,132.62
1395,154,19,659.89
1396,99,20,401.26
1397,310,32,995.21
1398,141,30,549.71
1399,25,15,109.12
1400,323,20,417.3
1401,275,20,691.97
1402,254,34,961.01
1403,208,21,412.46
1404,93,29,307.71
1405,215,32,2178.83
1406,324,26,2571.26
1407,158,25,293.27
1408,150,27,1147.5
1409,248,26,4013.62
1410,264,14,150.27
1411,326,25,94.04
1412,238,30,1430.41
1413,222,18,744.64
1414,144,25,4173.79
1415,10,33,141.94
1416,256,24,905.85
1417,279,19,252.59
1418,263,28,1569.15
1419,328,23,503.42
1420,230,21,308.05
1421,334,20,296.19
1422,120,27,292.2
1423,125,21,103.07
1424,273,27,12.07
1425,341,28,3453.86
1426,286,25,833.34
1427,124,29,1067.41
1428,44,28,1064.23
1429,166,18,574.99
1430,191,14,651.03
1431,84,23,1401.88
1432,44,26,2721.77
1433,72,18,434.86
1434,317,17,1681.57
1435,31,22,3804.83
1436,259,31,2689.6
1437,25,28,1026.31
1438,190,26,53.14
1439,138,21,1181.74
1440,51,24,1777.76
1441,58,16,270.8
1442,35,27,854.54
1443,66,23,385.04
1444,346,27,970.33
1445,272,18,672.6
1446,108,21,4546.01
1447,15,27,149.24
1448,51,31,91.32
1449,231,32,266.67
1450,41,26,446.86
1451,308,25,66.74
1452,342,30,554.07
1453,25,26,2529.98
1454,240,20,541.11
1455,236,28,3321.77
1456,231,22,1063.19
1457,355,21,1006.62
1458,309,21,261.88
1459,88,23,713.51
1460,326,26,412.08
1461,49,17,2596.19
1462,304,25,3298.43
1463,40,26,480.91
1464,223,18,659.28
1465,346,14,1433.61
1466,265,20,2439.04
1467,233,19,710.99
1468,171,25,381.69
1469,132,15,3718.02
1470,211,22,671.64
1471,42,24,445.95
1472,18,22,346.57
1473,16,27,648.34
1474,208,22,73.44
1475,119,30,1837.29
1476,190,29,165.87
1477,344,28,689.42
1478,292,28,834.59
1479,226,26,777.06
1480,143,29,1794.27
1481,45,24,2097.05
1482,85,20,1150.88
1483,187,27,581.09
1484,321,25,1429.26
1485,23,24,28.06
1486,107,13,189.69
1487,86,22,1442.35
1488,40,18,81.31
1489,220,27,46.83
1490,15,31,242.78
1491,112,26,949.52
1492,122,21,3203.92
1493,8,20,97.24
1494,338,23,117.11
1495,37,15,960.63
1496,293,22,40.72
1497,13,28,1137.87
1498,212,22,317.8
1499,204,24,1297.74
1500,254,23,1647.5
1501,158,19,205.69
1502,23,31,156.62
1503,333,30,899.84
1504,250,28,1097.14
1505,163,21,341.46
1506,265,29,4413.85
1507,279,22,261.53
1508,89,17,131.14
1509,125,19,78.75
1510,204,22,408.6
1511,341,25,120.72
1512,45,22,2697.03
1513,254,33,2160.45
1514,148,38,56.14
1515,160,21,33.12
1516,209,25,2249.21
1517,217,30,980.23
1518,289,23,63.6
1519,244,18,2561.38
1520,135,24,696.52
1521,23,25,235.81
1522,305,21,1829.09
1523,274,21,124.97
1524,28,24,462.41
1525,87,20,3974.64
1526,188,29,420.95
1527,56,18,2237.75
1528,114,38,4080.4
1529,52,26,983.3
1530,336,12,2526.27
1531,132,15,2118.5
1532,331,23,1064.92
1533,64,25,752.27
1534,158,22,28.88
1535,123,30,1836.02
1536,149,29,240.7
1537,94,32,84.01
1538,337,29,29.01
1539,305,17,1139.37
1540,59,30,1526.66
1541,338,30,1178.48
1542,224,25,2791.12
1543,216,23,216.04
1544,347,29,145.42
1545,356,31,1452.49
1546,88,22,1383.27
1547,146,26,3009.47
1548,113,21,586.49
1549,68,35,581.61
1550,22,24,566.04
1551,196,18,1413.94
1552,165,30,2343.91
1553,109,21,1175.28
1554,161,15,450.41
1555,183,31,360.36
1556,182,28,1548.31
1557,36,21,255.05
1558,184,23,52.32
1559,29,26,810.82
1560,337,21,143.27
1561,316,24,48.76
1562,220,20,482.31
1563,325,22,891.89
1564,1,28,159.32
1565,292,30,3138.24
1566,127,23,632.21
1567,1,28,462.51
1568,204,20,2393.37
1569,77,31,1070.14
1570,78,21,144.62
1571,209,19,186.74
1572,223,23,12.87
1573,264,20,526.79
1574,242,25,510.52
1575,33,27,1141.74
1576,89,24,2312.98
1577,70,21,3220.47
1578,198,19,1439.76
1579,45,25,2313.64
1580,18,22,188.26
1581,196,23,1862.6
1582,1,17,3202.03
1583,175,22,1046.27
1584,241,26,150.06
1585,238,35,217.53
1586,95,27,790.77
1587,94,26,761.3
1588,239,29,1102.25
1589,320,26,583.21
1590,21,27,244.16
1591,85,27,734.49
1592,54,22,439.31
1593,264,30,3401.86
1594,289,25,786.09
1595,262,23,3656.96
1596,207,26,173.12
1597,211,21,428.67
1598,66,22,256.2
1599,106,27,337.64
1600,315,16,2121.67
1601,69,33,632.95
1602,237,28,2398.78
1603,228,26,365.25
1604,52,20,1639.34
1605,90,20,41.9
1606,203,22,2570.54
1607,193,31,200.58
1608,79,32,162.28
1609,276,29,222
1610,279,26,275.92
1611,111,23,748.98
1612,154,28,467.56
1613,168,24,286.13
1614,28,19,1452.6
1615,314,22,1016.21
1616,26,20,68.18
1617,6,30,286.94
1618,22,25,2138.07
1619,4,26,821.57
1620,156,25,82
1621,253,27,1567.9
1622,149,18,2591.7
1623,172,17,131.61
1624,247,19,314.1
1625,17,24,50.04
1626,49,29,1322.83
1627,186,25,339.18
1628,305,23,113.66
1629,298,22,1082.7
1630,3,18,493.09
1631,270,20,18.25
1632,226,24,3090.7
1633,70,24,666.45
1634,7,16,426.53
1635,10,30,782.48
1636,157,23,1898.9
1637,250,21,596.17
1638,238,22,112.11
1639,134,30,59.18
1640,54,20,932.75
1641,132,31,205.58
1642,225,29,408.92
1643,149,32,120.42
1644,52,25,1990.23
1645,312,26,54.25
1646,359,23,421.96
1647,203,28,1084.11
1648,127,31,3519.96
1649,57,24,186.98
1650,323,29,897.9
1651,343,20,599.24
1652,355,26,350.38
1653,80,33,42.58
1654,271,21,2329.45
1655,357,32,923.32
1656,322,30,1044.11
1657,262,24,144.82
1658,118,19,256.23
1659,8,30,4424.85
1660,195,26,797.77
1661,143,22,235.05
1662,199,26,748.15
1663,251,25,1049.17
1664,186,23,2525.1
1665,123,26,2325.12
1666,5,30,1044.22
1667,149,17,5102.21
1668,244,19,212.15
1669,341,18,2675.64
1670,338,29,1643.19
1671,59,19,1263.36
1672,292,24,544.07
1673,77,25,3291.71
1674,257,31,334.28
1675,63,24,179.08
1676,348,35,337.18
1677,193,25,575.61
1678,8,19,316.41
1679,34,15,550.26
1680,67,28,297.92
1681,50,22,185.77
1682,347,28,614.32
1683,279,33,3598.11
1684,201,20,1265.42
1685,43,29,298.07
1686,329,29,1024.12
1687,218,23,4562.66
1688,158,21,397.51
1689,310,36,4941.71
1690,185,26,1211.74
1691,105,20,823.25
1692,200,27,1433.49
1693,319,22,361.49
1694,95,31,231.77
1695,3,32,318.57
1696,54,29,3043.74
1697,244,18,2122.94
1698,129,30,1755.42
1699,130,24,207.97
1700,137,23,1317.39
1701,341,25,1063.08
1702,41,26,40.03
1703,49,30,547.38
1704,353,26,202.54
1705,240,38,1540.63
1706,188,26,1334.69
1707,270,16,1701.17
1708,59,27,2633.92
1709,211,26,328.15
1710,96,28,431.26
1711,149,29,88.26
1712,31,23,19.31
1713,187,25,1346.23
1714,105,21,342.29
1715,172,30,965.84
1716,2,31,404.1
1717,209,27,2459.5
1718,58,29,463.54
1719,341,24,3550.37
1720,240,23,1217.56
1721,238,29,182.97
1722,13,25,1560.42
1723,187,33,1093.49
1724,337,19,170.38
1725,157,22,173.7
1726,336,35,590.95
1727,155,21,312.85
1728,342,30,96.28
1729,289,31,159.57
1730,142,19,1971.68
1731,210,22,334.79
1732,106,25,625.89
1733,236,30,896.8
1734,89,31,935.69
1735,245,30,576.87
1736,323,24,358.22
1737,171,17,79.82
1738,93,34,295.83
1739,270,29,55.68
1740,97,26,700.13
1741,62,35,7.14
1742,238,28,228.9
1743,100,27,778.04
1744,189,26,332.82
1745,155,29,604.39
1746,90,23,879.98
1747,236,29,3718.22
1748,350,31,351.84
1749,272,27,2054.36
1750,168,21,1128.54
1751,255,30,8614.1
1752,252,30,539.82
1753,136,31,2031.98
1754,341,27,2872.27
1755,324,21,758.19
1756,275,19,684.9
1757,304,23,13.01
1758,120,24,789.72
1759,84,26,288.1
1760,266,20,136.42
1761,149,23,579.62
1762,359,26,1017.04
1763,293,25,525.76
1764,181,15,1605.8
1765,307,25,409.37
1766,222,24,226.43
1767,68,31,266.37
1768,160,37,2074.43
1769,74,19,4458.32
1770,101,21,1213.77
1771,38,14,791.04
1772,72,25,3075.53
1773,153,23,13.38
1774,253,25,1451.42
1775,282,35,161.14
1776,51,23,298.27
1777,93,21,1060.16
1778,134,25,79.77
1779,273,29,28.22
1780,232,24,598.52
1781,274,20,1110.7
1782,234,23,585.75
1783,231,23,2388.39
1784,270,22,458.58
1785,52,20,978.85
1786,286,22,55.19
1787,227,39,324.28
1788,169,23,1624.45
1789,38,14,459.29
1790,300,25,662.48
1791,118,32,1611.22
1792,133,18,1463.63
1793,281,25,364.46
1794,125,20,262.38
1795,121,25,340.46
1796,120,28,63.8
1797,177,26,2685.37
1798,184,21,419.35
1799,247,19,75.59
1800,207,25,1805.2
1801,234,24,91.76
1802,71,25,182
1803,294,19,1639.37
1804,233,14,1047.43
1805,196,21,499.58
1806,349,20,2578.73
1807,254,21,1063.7
1808,334,20,793.72
1809,139,32,272.96
1810,83,24,522.71
1811,266,30,1205.56
1812,2,17,1861.52
1813,211,34,572.96
1814,202,23,1006.61
1815,88,30,758.24
1816,330,24,1657.34
1817,193,30,179.82
1818,3,24,225.64
1819,167,27,2381.45
1820,75,24,2327.52
1821,308,18,76.41
1822,228,21,45.72
1823,99,27,576.97
1824,314,14,1217.92
1825,121,31,1119.6
1826,202,24,1694.09
1827,134,25,530.36
1828,233,20,2041.97
1829,127,27,60
1830,264,25,1633.74
1831,180,27,469.78
1832,204,32,703.98
1833,55,20,660.91
1834,4,22,812.82
1835,121,23,554.52
1836,33,29,370.33
1837,107,30,21.42
1838,358,23,271.79
1839,175,22,463.1
1840,238,24,695.96
1841,258,17,760.04
1842,319,30,251.98
1843,296,28,2335.35
1844,48,26,2769.01
1845,325,37,130.7
1846,217,25,1697.82
1847,43,26,354.55
1848,321,34,3410.57
1849,59,23,4019.17
1850,5,23,4112.14
1851,184,30,248.01
1852,136,16,1.93
1853,142,34,2492.84
1854,335,25,754.34
1855,10,24,763.83
1856,154,23,3328.75
1857,86,17,5043.71
1858,354,23,511.23
1859,265,25,4211.2
1860,341,27,132.43
1861,189,21,511.44
1862,131,30,311.08
1863,258,17,161.86
1864,254,18,100.64
1865,8,29,16.16
1866,237,30,765.4
1867,265,26,1937.72
1868,33,30,120.95
1869,128,26,1165.58
1870,44,20,5330.24
1871,348,15,1007.48
1872,357,24,476.22
1873,311,23,508.65
1874,196,24,246.53
1875,339,24,820.43
1876,199,23,1964.86
1877,230,26,1471.21
1878,183,28,155.06
1879,97,24,390.66
1880,187,26,940.17
1881,311,21,1046.39
1882,34,24,270.45
1883,272,24,293.47
1884,201,22,111.55
1885,326,27,1123.28
1886,209,21,1793.57
1887,245,33,638.35
1888,18,26,1066.86
1889,324,19,2050.3
1890,293,29,79.17
1891,96,17,1027.37
1892,273,26,2234.43
1893,257,24,1293.01
1894,73,19,795.88
1895,245,22,404.64
1896,311,14,497.24
1897,240,20,3817.11
1898,180,28,2662.8
1899,201,32,424.99
1900,325,26,589.14
1901,247,26,282.89
1902,239,16,1583.56
1903,238,28,2969.82
1904,173,28,1254.72
1905,247,26,455.98
1906,175,24,200.67
1907,281,28,1256.3
1908,304,26,85.21
1909,142,21,130.85
1910,192,26,286.83
1911,284,28,724.38
1912,295,27,815.63
1913,109,27,2496.81
1914,118,28,788.66
1915,271,36,812.19
1916,257,33,138.12
1917,261,34,2744.23
1918,173,27,936.05
1919,33,26,940.65
1920,341,18,704.79
1921,91,25,89.67
1922,269,18,750.47
1923,76,22,6246.14
1924,218,27,1070.65
1925,318,16,1014.41
1926,128,23,74.28
1927,83,17,855.2
1928,102,21,2408.91
1929,207,25,3.79
1930,37,23,461.37
1931,94,33,4366.33
1932,283,33,46.66
1933,351,17,5274.51
1934,295,18,1446.29
1935,88,31,334.44
1936,235,21,3949.81
1937,286,34,779.03
1938,114,26,112.97
1939,259,26,2231.08
1940,105,29,1185.41
1941,254,37,121.67
1942,136,33,313.36
1943,8,31,132.73
1944,171,24,442.93
1945,341,30,370.14
1946,277,30,617.44
1947,329,24,994.88
1948,345,22,3485.93
1949,128,24,2519.64
1950,194,23,2443.84
1951,338,30,1510.76
1952,139,26,1361.62
1953,83,19,130.26
1954,296,25,360.42
1955,180,21,631.79
1956,243,24,1891.75
1957,34,24,303.75
1958,78,31,201.72
1959,22,33,81.18
1960,220,25,136.47
1961,249,27,632.11
1962,314,28,687.55
1963,182,24,442.9
1964,243,25,7093.8
1965,209,27,394.92
1966,164,24,71.28
1967,193,17,1807.07
1968,292,19,999.28
1969,106,29,190.12
1970,118,21,1713.82
1971,238,28,3871.56
1972,257,22,799.65
1973,337,17,233.43
1974,280,24,1836.01
1975,135,29,265.5
1976,55,17,30.46
1977,240,28,1078.79
1978,94,32,340.95
1979,91,26,638.82
1980,261,24,29.87
1981,65,33,690.76
1982,36,15,274.68
1983,289,15,371.34
1984,313,23,456.06
1985,91,22,263.19
1986,40,24,152.18
1987,257,25,1477.96
1988,262,23,1268.67
1989,296,36,752
1990,27,16,1665.53
1991,211,19,897.05
1992,246,25,2040.85
1993,354,30,478.57
1994,152,16,62.25
1995,169,19,1957.55
1996,87,20,680.93
1997,118,22,1762.36
1998,41,23,513.79
1999,107,31,1266.98
2000,215,24,526.73
2001,261,27,975.17
2002,21,18,1244.36
2003,256,23,4213.93
2004,53,25,237.1
2005,200,32,205.63
2006,139,21,187.51
2007,107,33,329.17
2008,354,19,107.91
2009,341,32,143.83
2010,250,38,430.1
2011,255,30,238.18
2012,165,26,511.88
2013,184,28,1630.17
2014,71,30,27.11
2015,107,26,156.12
2016,39,19,757.5
2017,181,30,14.91
2018,212,30,457.61
2019,205,24,1289.88
2020,294,24,1456.39
2021,219,34,407.77
2022,67,20,702.47
2023,17,14,143.11
2024,255,20,2055
2025,359,25,1229.05
2026,338,23,585.92
2027,165,22,69.24
2028,297,16,21.86
2029,165,28,591.07
2030,178,20,335.95
2031,316,27,529.46
2032,318,14,2489.71
2033,293,25,751.04
2034,35,31,996.29
2035,315,29,283.91
2036,37,23,1706.32
2037,354,23,978.5
2038,150,16,184.25
2039,50,31,117.99
2040,38,23,131.21
2041,186,14,546.09
2042,286,23,466.32
2043,71,20,3198.4
2044,26,34,481
2045,197,27,136.66
2046,95,21,191.31
2047,190,30,978
2048,86,19,1981.59
2049,281,26,3008.34
2050,358,32,167.49
2051,360,16,1051.6
2052,34,22,588.39
2053,296,25,556.96
2054,75,32,1950.07
2055,346,32,1032.78
2056,162,26,1588.59
2057,33,29,2541.18
2058,298,25,195.96
2059,120,13,120.18
2060,13,21,2090.16
2061,190,20,750.75
2062,60,28,63.72
2063,173,25,788.77
2064,166,29,104.91
2065,221,30,3626.86
2066,31,28,164.34
2067,272,25,105.48
2068,257,19,1622.29
2069,157,29,3315.98
2070,279,30,848.19
2071,213,25,602.25
2072,272,27,415.89
2073,69,19,547.49
2074,210,17,99.66
2075,54,30,37.52
2076,169,28,1253.84
2077,288,26,2443.41
2078,134,19,98.21
2079,149,24,14.54
2080,203,29,695.88
2081,323,27,1355.68
2082,151,17,608.02
2083,54,14,1946.44
2084,290,13,4742.26
2085,230,30,611.14
2086,64,25,1712.01
2087,139,22,993.58
2088,44,24,1731.58
2089,50,19,100.3
2090,85,19,440.41
2091,182,26,1706.71
2092,206,26,350.63
2093,319,22,1514.16
2094,212,21,209.88
2095,324,28,217.82
2096,82,27,535.22
2097,163,20,1362.2
2098,101,29,654.91
2099,306,25,1678.56
2100,292,28,3002.63
2101,133,25,231.64
2102,128,25,162.56
2103,320,28,542.62
2104,264,25,154.17
2105,337,30,79.28
2106,351,26,1009.13
2107,227,25,348.38
2108,202,23,529.17
2109,309,28,2136.6
2110,238,24,1229.6
2111,310,24,1330.19
2112,347,26,716.35
2113,81,19,96.6
2114,248,26,1404.54
2115,70,31,80.88
2116,282,22,2526.06
2117,161,25,2479.55
2118,287,38,374.59
2119,353,22,2591.57
2120,173,23,742.43
2121,76,22,1831.1
2122,232,30,1257.03
2123,356,33,556.66
2124,228,26,824.54
2125,214,25,179.72
2126,120,28,270.01
2127,256,16,250.45
2128,358,28,768.61
2129,28,34,375.84
2130,288,31,5315.08
2131,230,18,1272.6
2132,343,23,39.27
2133,123,28,1272
2134,178,22,4664.63
2135,208,28,1221.71
2136,18,25,223.13
2137,229,32,282.83
2138,192,33,1675.85
2139,168,22,124.94
2140,161,24,377.89
2141,74,27,807.9
2142,121,13,2957.17
2143,152,26,696.67
2144,330,22,1619.95
2145,264,33,437.85
2146,321,35,297.15
2147,324,30,2790.32
2148,152,27,253.49
2149,42,37,712.65
2150,122,23,88.9
2151,138,29,383.55
2152,246,27,384.23
2153,190,29,251.67
2154,84,24,1020.89
2155,40,22,138.35
2156,316,29,165.61
2157,240,16,571.04
2158,159,26,342.01
2159,265,29,1003.83
2160,31,26,375.93
2161,104,32,188.66
2162,229,28,348.89
2163,149,25,718.31
2164,308,26,2992.93
2165,248,26,6.28
2166,356,26,1168.95
2167,155,31,602.06
2168,72,19,858.43
2169,186,21,411.17
2170,64,27,941.4
2171,115,18,3817.43
2172,42,29,3857.99
2173,76,25,2180.03
2174,165,38,2377.36
2175,104,32,420.7
2176,47,30,1446.57
2177,104,21,493.44
2178,16,25,407.33
2179,25,26,303.65
2180,236,28,527.52
2181,190,23,831.95
2182,240,22,7501.42
2183,197,27,1421.96
2184,238,22,1373.83
2185,254,27,52.08
2186,74,29,1756.94
2187,233,33,311.09
2188,119,25,1578.39
2189,301,27,753.07
2190,344,24,240.29
2191,224,23,1855.52
2192,5,31,522.75
2193,163,21,1027.61
2194,281,22,2526.92
2195,246,26,819.69
2196,213,28,98.46
2197,278,26,2480.46
2198,275,30,3204.74
2199,224,25,206.39
2200,117,31,1959.94
2201,297,25,154.61
2202,239,30,1055.78
2203,96,23,1165.23
2204,54,24,612.05
2205,276,22,508.03
2206,297,21,693.39
2207,149,28,41.79
2208,224,23,326.11
2209,74,28,1325.64
2210,315,35,462.51
2211,66,30,3465.67
2212,264,34,342.15
2213,28,24,295.45
2214,168,22,113.6
2215,179,24,137.17
2216,122,30,426.19
2217,340,31,746.36
2218,144,31,2296.86
2219,285,24,1817.45
2220,351,23,467.16
2221,94,22,971.94
2222,269,29,98.32
2223,16,26,1002.05
2224,96,16,120.7
2225,149,22,522.07
2226,297,19,887.57
2227,311,20,1086.33
2228,103,32,3090.3
2229,93,25,1352.59
2230,270,26,775.05
2231,313,25,170.22
2232,351,15,426.22
2233,32,27,142.13
2234,32,23,3192.94
2235,94,29,1330.4
2236,235,21,240.31
2237,42,30,458.46
2238,256,23,380.93
2239,11,28,645.85
2240,50,29,3096.24
2241,344,26,180.41
2242,133,33,731.49
2243,350,24,93.09
2244,68,26,222.59
2245,293,24,553.59
2246,171,22,1206.26
2247,254,15,65.37
2248,202,24,201.95
2249,175,21,1077.28
2250,343,34,405.05
2251,140,27,391.39
2252,3,28,2026.75
2253,106,27,1.98
2254,100,16,1179.87
2255,162,26,608.98
2256,314,29,5128.71
2257,72,35,2202.24
2258,190,33,795.34
2259,270,15,371.16
2260,224,28,176.47
2261,306,35,135.24
2262,41,30,331.82
2263,332,25,1241.56
2264,331,39,930.13
2265,300,30,324.14
2266,328,15,1781.65
2267,280,28,724.12
2268,352,30,657.19
2269,259,21,2045.99
2270,353,17,2244.32
2271,246,22,339.48
2272,133,32,1249.14
2273,348,25,1469.95
2274,259,30,729.82
2275,345,27,927.71
2276,340,22,1653.89
2277,162,23,3953.5
2278,254,28,2888.63
2279,185,27,453.09
2280,71,26,200.32
2281,207,26,853.87
2282,176,29,1082.57
2283,113,38,684.8
2284,302,22,314.1
2285,191,33,1600.28
2286,311,19,735.95
2287,175,29,1045.22
2288,21,21,304.44
2289,276,24,586.08
2290,50,26,854.3
2291,248,18,617.79
2292,214,23,1416.29
2293,143,24,25.12
2294,284,20,66.54
2295,185,25,746.24
2296,144,17,93.57
2297,71,30,598.29
2298,277,33,531.2
2299,334,27,1803.13
2300,309,23,1743.29
2301,158,30,10.94
2302,56,32,1916.6
2303,124,26,94.02
2304,330,20,1715.4
2305,234,33,88.58
2306,284,26,5045.84
2307,316,24,1372.27
2308,333,26,972.35
2309,265,25,50.72
2310,54,32,1179.61
2311,267,33,109.55
2312,217,23,701.93
2313,216,14,1676.85
2314,338,29,392
2315,20,24,55.22
2316,247,28,978.43
2317,38,33,723.39
2318,278,21,2.62
2319,250,28,3942.9
2320,339,25,385.69
2321,305,22,1000.21
2322,124,26,1920.49
2323,278,22,348.93
2324,240,13,41.46
2325,39,25,1890.97
2326,349,17,705.42
2327,216,28,1983.41
2328,115,35,337.27
2329,330,31,2252.64
2330,102,28,799.07
2331,15,26,96.81
2332,120,29,1622.94
2333,205,21,1369.7
2334,95,22,828.84
2335,218,20,188.8
2336,101,24,2616.89
2337,178,26,56.39
2338,254,13,269.67
2339,185,23,1573.72
2340,300,25,388.94
2341,2,19,1138.49
2342,219,29,1911.71
2343,142,27,483.99
2344,99,27,96.59
2345,143,26,346.81
2346,204,27,34.58
2347,122,29,790.19
2348,24,22,195.72
2349,285,26,350.17
2350,89,25,1628.62
2351,32,20,2044.53
2352,220,26,914.9
2353,279,20,413.55
2354,154,20,19.27
2355,129,23,198.66
2356,68,32,732.29
2357,64,29,2064.17
2358,23,30,510.83
2359,192,17,2149.82
2360,346,20,326.65
2361,351,23,527.92
2362,278,18,1445.44
2363,164,20,1083.48
2364,350,24,1418.81
2365,344,22,137.1
2366,83,26,70.61
2367,21,26,1811.6
2368,321,21,110.11
2369,278,25,113.01
2370,48,24,732.68
2371,233,19,317.54
2372,136,26,930.49
2373,148,24,406.59
2374,2,24,321.92
2375,248,32,1243.01
2376,357,32,2674.91
2377,291,25,626.6
2378,29,25,283.61
2379,302,25,254
2380,241,16,1077.56
2381,166,32,494.71
2382,146,24,473.35
2383,57,21,1940.46
2384,92,27,848.46
2385,178,26,667.37
2386,4,28,1983.14
2387,123,21,901.33
2388,110,22,4282.6
2389,304,23,272.93
2390,103,22,965.89
2391,101,28,1100.97
2392,183,35,935.06
2393,305,15,985.33
2394,129,21,1206.39
2395,16,28,1278.47
2396,187,29,2860.49
2397,307,31,413.61
2398,327,29,321.29
2399,328,31,3772.23
2400,261,22,782.04
2401,185,21,153.92
2402,40,28,359.65
2403,116,26,727.52
2404,233,24,173.98
2405,140,30,910.08
2406,318,26,482.07
2407,229,29,322.76
2408,344,30,338.62
2409,44,26,493.99
2410,121,20,274.61
2411,211,24,412.24
2412,126,24,421.25
2413,278,23,1081.52
2414,335,27,1116.82
2415,231,20,128.85
2416,1,23,1505.37
2417,2,30,2180.32
2418,93,32,2924.98
2419,87,30,1132
2420,329,23,2191.75
2421,7,23,783.62
2422,35,29,3452.52
2423,57,35,1618.17
2424,301,32,729
2425,346,30,48.22
2426,339,26,1164.93
2427,8,24,3248.61
2428,55,30,16.09
2429,299,29,1449.36
2430,77,29,193.32
2431,152,34,953.37
2432,163,18,369.79
2433,225,29,1679.56
2434,254,18,940.81
2435,291,29,1502.94
2436,160,20,1787.16
2437,53,23,1329.85
2438,313,21,4850.7
2439,2,25,384.46
2440,233,30,485.04
2441,357,27,762.89
2442,166,23,310.98
2443,160,18,1275.56
2444,233,24,359.39
2445,125,17,1518.51
2446,294,23,27.98
2447,139,30,2049.07
2448,199,32,649.71
2449,54,27,489.09
2450,123,22,2259.04
2451,29,25,180.98
2452,197,26,111.39
2453,157,28,1024.98
2454,232,26,65.28
2455,327,20,342.41
2456,170,27,2449.56
2457,208,14,702.97
2458,344,31,1389.84
2459,271,27,800.17
2460,71,32,282.87
2461,173,31,1280.16
2462,116,27,1966.4
2463,179,34,1017.03
2464,68,30,412.63
2465,69,23,2227.22
2466,146,14,280.15
2467,285,25,5279.46
2468,215,17,1407.28
2469,124,33,15.4
2470,118,26,469.15
2471,91,28,87.43
2472,235,28,231.68
2473,345,25,488.96
2474,118,31,1524.11
2475,331,22,400.9
2476,87,28,437.58
2477,324,25,677.17
2478,7,30,2912.13
2479,7,24,1166.57
2480,73,23,302.12
2481,133,29,3965.62
2482,115,19,518.46
2483,313,27,49.91
2484,96,23,1041.48
2485,168,24,82.58
2486,107,21,3101.51
2487,257,19,168.27
2488,36,27,297.39
2489,309,41,80.28
2490,33,27,1156.37
2491,154,20,194.91
2492,306,26,2.51
2493,116,29,368.93
2494,302,22,39.2
2495,289,27,476.3
2496,119,20,405.56
2497,138,29,319.33
2498,267,30,1528.67
2499,33,35,2025.35
2500,116,26,2041.38
2501,45,19,1457.88
2502,271,23,1857.47
2503,41,31,1814.12
2504,133,28,277.53
2505,101,28,2366.67
2506,351,20,925
2507,299,15,242.65
2508,267,25,653.87
2509,112,30,722.82
2510,244,17,290.97
2511,332,27,3586.71
2512,168,28,1580.09
2513,208,23,1906.51
2514,247,27,1492.28
2515,350,29,1125.37
2516,202,26,424.4
2517,187,30,518.74
2518,337,32,593.15
2519,321,22,78.84
2520,350,23,229.18
2521,55,27,2123.71
2522,64,30,1600.54
2523,260,25,955.64
2524,330,23,58.11
2525,113,28,91.6
2526,190,27,906.18
2527,277,28,719.46
2528,65,33,1309.03
2529,227,28,1018.75
2530,161,27,399.46
2531,274,23,1777.41
2532,31,31,1252.81
2533,59,23,4080.75
2534,121,29,199.27
2535,160,19,2325.07
2536,68,19,703.85
2537,56,14,459.9
2538,328,26,574.74
2539,202,18,333.55
2540,11,31,70.01
2541,157,20,46.44
2542,287,26,72.05
2543,314,33,48.98
2544,291,32,1388.93
2545,88,38,1329.09
2546,71,23,1103.04
2547,301,26,309.95
2548,104,19,541.63
2549,346,21,383.48
2550,341,35,1853.28
2551,238,29,176.36
2552,340,26,268.42
2553,85,14,691.11
2554,217,23,2034.23
2555,185,26,2301.3
2556,56,25,1470.61
2557,222,27,3310.88
2558,182,22,795.92
2559,300,27,241.54
2560,215,18,1305.95
2561,6,23,632.63
2562,351,21,3157.04
2563,30,20,195.73
2564,19,20,600.25
2565,87,16,85.88
2566,322,16,56.69
2567,95,21,2.42
2568,198,28,2173.72
2569,98,27,88.39
2570,106,19,465.94
2571,218,16,2428.87
2572,331,24,45.54
2573,99,25,310.03
2574,123,22,860.8
2575,260,25,1261.78
2576,70,31,1183.59
2577,305,25,2355.04
2578,81,23,214.08
2579,283,25,688.35
2580,284,22,92.06
2581,337,28,152.88
2582,30,31,83.41
2583,322,27,467.38
2584,142,25,1266.96
2585,220,11,2548.2
2586,246,24,647.62
2587,122,34,1439.2
2588,186,26,449.05
2589,148,23,172.66
2590,173,29,1067.31
2591,187,28,86.26
2592,336,25,116.11
2593,59,31,331.5
2594,275,23,2234.1
2595,306,18,3050.83
2596,42,24,230.13
2597,1,34,782.67
2598,276,13,66.73
2599,154,26,256.15
2600,211,24,1140.33
2601,164,23,918.48
2602,287,18,624.13
2603,154,22,17.46
2604,24,33,956.06
2605,309,26,1779.78
2606,112,18,563.99
2607,136,29,755.84
2608,197,29,106.13
2609,140,25,1842.62
2610,77,23,621.51
2611,109,22,571.45
2612,18,21,2010.74
2613,130,36,322.9
2614,300,35,378.15
2615,357,31,165.52
2616,172,29,433.96
2617,311,27,3385.18
2618,331,15,687.6
2619,269,23,782.21
2620,33,20,3100.76
2621,33,25,1382.88
2622,100,30,814.83
2623,194,34,88.72
2624,322,30,41.28
2625,17,35,1517.98
2626,38,20,1046.59
2627,359,26,15.42
2628,88,23,3099.49
2629,34,21,1193.19
2630,239,23,107.4
2631,85,28,1443.99
2632,203,27,538.84
2633,79,27,2360.02
2634,96,20,4340.16
2635,142,27,437.33
2636,33,20,586.36
2637,346,29,2704.28
2638,202,28,879.78
2639,27,24,266.54
2640,240,24,194.61
2641,321,22,2252.67
2642,58,23,508.33
2643,207,20,504.63
2644,75,27,2030.99
2645,139,30,2311.4
2646,10,21,163.46
2647,354,15,1836.19
2648,239,22,148.07
2649,162,25,378.03
2650,226,23,1610.95
2651,213,27,811.15
2652,236,21,1786.24
2653,360,32,1677.26
2654,320,20,61.35
2655,175,26,355.81
2656,38,29,894.61
2657,185,20,3832.06
2658,273,19,313.6
2659,297,32,357.8
2660,327,20,2189.09
2661,28,22,799.9
2662,124,17,39.84
2663,69,17,624.46
2664,178,21,672.79
2665,219,25,339.06
2666,310,26,556.74
2667,130,21,1275.92
2668,194,25,4438.11
2669,249,20,303.6
2670,177,25,3389.59
2671,310,23,150.47
2672,52,24,789.09
2673,201,14,422.04
2674,8,25,219.43
2675,166,27,137.42
2676,281,15,1316.86
2677,58,23,1236.64
2678,244,26,23.2
2679,284,20,142.63
2680,196,24,141.53
2681,97,21,851.16
2682,276,23,1262.43
2683,159,24,536.79
2684,73,14,790.4
2685,69,21,405.36
2686,154,17,332.54
2687,247,16,1434.67
2688,246,24,55.27
2689,230,26,1737.95
2690,162,22,1937.55
2691,90,24,1131.26
2692,342,31,779.63
2693,230,17,1690.99
2694,107,21,693.48
2695,157,23,78.15
2696,88,24,661.83
2697,169,29,890.49
2698,40,30,435.09
2699,25,21,692.69
2700,10,27,65.01
2701,280,28,223.08
2702,36,25,585.29
2703,49,26,630.05
2704,191,26,780.64
2705,290,22,361.7
2706,135,20,541.22
2707,360,26,1804.88
2708,100,30,329.03
2709,2,34,1661.82
2710,180,30,1495.99
2711,176,19,849.65
2712,59,21,3826.64
2713,348,19,1208.25
2714,245,21,41.94
2715,150,29,33.32
2716,49,22,9.97
2717,215,25,209
2718,102,32,3409.44
2719,42,29,450.09
2720,305,31,1468.32
2721,84,21,144.92
2722,196,34,99.11
2723,108,22,981.56
2724,207,26,2279.24
2725,150,20,783.14
2726,169,25,72.83
2727,204,28,437.64
2728,192,24,1361.8
2729,86,19,475.07
2730,154,30,1626.08
2731,216,19,821.39
2732,212,29,2533.31
2733,358,23,420.97
2734,207,33,3050.13
2735,97,34,299.49
2736,36,21,562.08
2737,354,18,422.77
2738,135,23,544.19
2739,42,30,799.94
2740,324,26,706.91
2741,333,29,1804.03
2742,333,18,1363.77
2743,278,38,441.07
2744,222,28,422.19
2745,344,25,163.02
2746,147,21,1527.92
2747,339,28,525.95
2748,24,27,544.11
2749,103,26,991.93
2750,261,25,801.26
2751,151,18,201.34
2752,263,28,1070.06
2753,260,24,35.87
2754,209,27,895.05
2755,148,23,1016.37
2756,158,29,73.62
2757,7,21,1349.66
2758,110,26,2346.89
2759,77,29,747.31
2760,108,19,1614.93
2761,251,26,743.99
2762,160,26,699.48
2763,355,25,349.83
2764,86,25,742.69
2765,359,21,174.46
2766,165,28,984.48
2767,51,18,343.26
2768,83,28,74.15
2769,168,22,338
2770,238,27,538.86
2771,1,23,819.78
2772,61,33,1557.99
2773,115,24,1852.71
2774,282,23,392.14
2775,265,23,249.23
2776,12,28,40.32
2777,270,25,667.26
2778,258,24,27.86
2779,341,16,5335.38
2780,40,29,64.86
2781,129,20,48.6
2782,246,26,1048.44
2783,60,27,236.89
2784,48,25,703.45
2785,21,33,15.24
2786,18,30,23.56
2787,293,26,552.73
2788,267,29,1620.61
2789,17,25,309.24
2790,330,18,2735.6
2791,186,25,149.89
2792,288,27,74.72
2793,315,22,173.13
2794,233,28,241.53
2795,210,29,1985.02
2796,299,21,1176.55
2797,252,32,544.34
2798,295,18,599.06
2799,261,25,1850.09
2800,98,30,227.9
2801,64,24,1732.14
2802,177,15,279.45
2803,112,24,2013.52
2804,122,30,2056.48
2805,191,18,266.83
2806,352,23,1575.88
2807,275,25,2654.56
2808,57,29,12.34
2809,73,24,73.19
2810,245,25,1691.7
2811,90,26,346.3
2812,151,29,5411.01
2813,90,25,265.9
2814,27,31,741.13
2815,312,25,415.25
2816,236,31,442.43
2817,308,15,80.95
2818,10,30,574.03
2819,347,30,92.3
2820,118,28,764.66
2821,92,23,1717.49
2822,313,30,411.08
2823,77,26,941.93
2824,236,21,467.54
2825,153,25,332.66
2826,117,24,1164.18
2827,352,29,529.55
2828,326,26,2030.18
2829,203,11,2067.92
2830,336,30,428.02
2831,66,26,1273.97
2832,217,25,1887.55
2833,17,21,1193.49
2834,314,24,1371.21
2835,303,26,891.26
2836,219,31,1137.52
2837,199,22,250.48
2838,292,15,213.49
2839,70,15,880.18
2840,220,32,1103.82
2841,229,30,2013.36
2842,146,16,770.5
2843,236,29,1680.66
2844,192,26,192.83
2845,3,27,5293.76
2846,258,25,2028.64
2847,29,29,43.69
2848,88,24,1219.68
2849,24,30,76.76
2850,59,19,135.73
2851,197,29,1104
2852,42,28,703.46
2853,288,22,1143.64
2854,220,28,181.92
2855,136,21,1720.07
2856,259,19,1691.89
2857,277,28,1928.87
2858,77,32,2234.04
2859,192,34,234.61
2860,254,23,1305.14
2861,283,25,1479.75
2862,71,21,164.94
2863,193,16,176.05
2864,56,24,212.61
2865,155,23,432.32
2866,116,28,976.11
2867,278,19,548.86
2868,139,25,613.18
2869,111,33,1048.14
2870,170,26,402.06
2871,114,34,1693.93
2872,190,32,17.74
2873,207,23,228.22
2874,146,29,1490.85
2875,100,25,1220.05
2876,358,26,161.65
2877,283,25,246.44
2878,119,30,45.66
2879,354,23,5060.01
2880,22,28,1328.74
2881,360,25,1948.7
2882,134,27,935.43
2883,135,30,84.21
2884,290,22,651.51
2885,194,22,1996.51
2886,192,36,45.16
2887,337,27,35.53
2888,180,21,785.77
2889,56,31,162.06
2890,156,26,1656.18
2891,200,27,571.91
2892,215,21,325.12
2893,54,29,573.96
2894,80,25,176.09
2895,143,28,350.27
2896,224,27,122.22
2897,233,27,1469.88
2898,275,30,67.31
2899,22,29,371.19
2900,60,23,534.79
2901,5,21,11.04
2902,14,8,325.5
2903,323,21,1175.65
2904,241,30,100.69
2905,286,24,1541.9
2906,202,25,23.48
2907,121,26,4241.02
2908,94,20,420.43
2909,48,24,848.91
2910,215,19,279.76
2911,195,23,479.54
2912,198,30,1792.03
2913,230,25,2289.85
2914,77,32,533.38
2915,221,24,84.98
2916,215,17,863.59
2917,173,25,852.84
2918,64,34,1002.12
2919,103,25,976.94
2920,273,26,281.82
2921,80,30,1965.7
2922,347,23,2727.69
2923,224,27,712.84
2924,59,27,117.54
2925,205,26,992.71
2926,44,18,1851.41
2927,302,19,2811.37
2928,265,26,502.8
2929,337,29,427.72
2930,343,20,266.34
2931,138,38,1879.23
2932,91,34,765.25
2933,330,26,230.3
2934,335,25,3520.13
2935,155,23,2197.86
2936,261,29,12.49
2937,46,26,496.94
2938,204,20,1765.39
2939,152,29,250.02
2940,202,24,3080.64
2941,63,26,1639.61
2942,283,26,1772.54
2943,8,25,316.99
2944,52,29,1238.14
2945,338,19,1201.41
2946,101,27,1737.65
2947,217,27,63.95
2948,128,33,1694.46
2949,33,21,1057.85
2950,128,23,3712.59
2951,90,28,1501.08
2952,326,23,160.13
2953,235,23,3053.68
2954,287,12,1328.1
2955,67,32,2610.58
2956,270,34,137.29
2957,67,23,1695.09
2958,189,12,263.22
2959,99,22,689.57
2960,346,21,142.34
2961,264,21,434.97
2962,251,20,1600.88
2963,318,23,213.24
2964,305,18,102.66
2965,183,27,771.42
2966,112,25,2115.18
2967,22,23,57.08
2968,234,31,640.58
2969,204,32,154.32
2970,55,29,1257.86
2971,185,21,752.47
2972,69,23,3432.11
2973,249,23,28.86
2974,243,18,1522.34
2975,114,31,1352.39
2976,228,22,2532.34
2977,348,30,445.46
2978,243,19,609.52
2979,319,36,381.4
2980,174,28,3308.67
2981,78,22,423.15
2982,66,20,1321.02
2983,263,27,27.02
2984,233,34,305.56
2985,270,28,26.23
2986,236,24,1647.63
2987,13,32,195.45
2988,8,11,440.78
2989,114,19,2420.75
2990,191,28,253.03
2991,105,23,139.65
2992,276,29,958.37
2993,143,17,1968.88
2994,240,19,691.85
2995,352,20,539.62
2996,343,28,853.62
2997,304,19,2111.68
2998,122,20,582.15
2999,152,21,694.63
3000,232,14,1044.47
3001,96,19,458.2
3002,331,27,340.19
3003,12,24,893.11
3004,21,26,147.42
3005,132,36,283.94
3006,153,20,874.58
3007,87,22,723.06
3008,90,27,472.76
3009,302,29,2433.15
3010,271,26,4633.66
3011,72,29,138.6
3012,203,25,1229.9
3013,174,34,299.31
3014,270,27,3632.23
3015,79,31,943.76
3016,274,23,785.63
3017,282,28,877.78
3018,112,28,307.9
3019,150,28,393.14
3020,128,30,2290.5
3021,148,15,1016.31
3022,28,27,1782.08
3023,202,15,2167.5
3024,275,25,1123.36
3025,342,31,236.8
3026,43,21,1557.28
3027,109,22,399.25
3028,283,22,173.5
3029,238,24,591.61
3030,305,22,458.1
3031,105,27,634.82
3032,251,26,385.4
3033,190,33,1770.61
3034,210,22,440.92
3035,106,28,1237.33
3036,82,31,926.31
3037,81,26,884.63
3038,340,29,193.96
3039,115,22,1784.88
3040,287,22,288.66
3041,3,34,1783.56
3042,300,25,15.09
3043,219,30,349.56
3044,39,32,694.6
3045,264,25,371.41
3046,14,27,3542.61
3047,63,35,911.24
3048,12,23,2466.41
3049,330,28,1039.03
3050,115,31,1284.65
3051,311,26,405.54
3052,234,29,131.52
3053,37,33,1164.12
3054,285,20,1460.07
3055,289,25,549.74
3056,20,26,1031.63
3057,241,26,1541
3058,307,30,1141.14
3059,352,24,241.05
3060,36,24,28.94
3061,360,33,507.87
3062,335,21,1024.72
3063,162,21,3706.83
3064,343,28,153.16
3065,140,30,2356.21
3066,259,23,3310.16
3067,24,39,1463.73
3068,42,29,706.33
3069,274,25,631.23
3070,147,21,219.3
3071,272,16,13.62
3072,258,20,1613.58
3073,154,30,850.61
3074,199,14,484.65
3075,206,28,579.53
3076,309,21,566.93
3077,183,24,579.35
3078,117,25,389.63
3079,324,22,334.99
3080,165,17,1045.38
3081,349,25,527.25
3082,6,22,64.26
3083,360,29,873.57
3084,306,27,1912.78
3085,86,34,1298.05
3086,128,21,419.23
3087,123,28,417.28
3088,179,28,1504.71
3089,203,23,1764.4
3090,122,31,109.78
3091,306,21,781.74
3092,51,29,500.14
3093,310,26,1104.54
3094,322,32,1243.36
3095,302,23,3340.3
3096,35,32,86.33
3097,252,23,1617.47
3098,195,21,1431.2
3099,279,24,182.42
3100,135,25,1641.4
3101,54,19,2127.81
3102,204,32,453.32
3103,253,20,1304.22
3104,200,27,532.89
3105,273,26,291.18
3106,86,21,431.21
3107,263,23,531.32
3108,49,28,274.36
3109,101,36,1020.93
3110,111,28,879.71
3111,94,23,431.98
3112,283,23,946.17
3113,35,14,968.15
3114,165,38,234.81
3115,291,22,1107.75
3116,218,34,816.34
3117,3,24,898.61
3118,220,29,1078.57
3119,12,28,829.85
3120,270,25,1002.59
3121,91,23,521.31
3122,301,29,728.67
3123,258,16,973.66
3124,149,21,149.97
3125,38,36,415.08
3126,142,17,104.53
3127,97,31,1099
3128,2,38,376.12
3129,156,31,194.91
3130,8,20,1134.12
3131,177,20,1988.79
3132,221,21,532.82
3133,136,22,613.32
3134,178,25,1726.15
3135,127,21,3713.95
3136,199,22,284.75
3137,337,22,60.19
3138,117,15,974.27
3139,299,29,657.92
3140,84,20,8.29
3141,195,13,1504.98
3142,200,24,279.78
3143,27,25,1296.71
3144,105,32,1287.79
3145,168,27,2063.82
3146,177,31,741.61
3147,91,20,1328.72
3148,193,31,61.49
3149,325,21,718
3150,267,21,2040.15
3151,319,30,922.18
3152,234,29,810.64
3153,330,18,1038.11
3154,140,19,1179.32
3155,321,24,128.12
3156,234,26,820.09
3157,63,16,1266.27
3158,164,23,26.31
3159,311,30,945.21
3160,104,18,375.41
3161,266,21,227.24
3162,49,21,3227.62
3163,225,29,1004.07
3164,191,19,330.32
3165,247,26,1642.94
3166,162,29,153.52
3167,7,31,424.51
3168,182,30,66.15
3169,110,23,128.03
3170,336,26,117.29
3171,31,30,1384.5
3172,215,23,757.4
3173,73,25,677.3
3174,216,22,1945.62
3175,307,24,61.53
3176,200,40,3629.15
3177,190,32,3389.04
3178,233,24,562.75
3179,272,42,539.18
3180,100,28,1523.69
3181,242,23,1058.57
3182,129,29,682.87
3183,156,26,527.16
3184,249,31,313.36
3185,154,28,527.53
3186,85,22,1440.72
3187,294,30,581.25
3188,306,33,682.69
3189,90,19,404.45
3190,34,26,1429.92
3191,275,31,1582.68
3192,289,27,214.27
3193,324,23,314.95
3194,57,23,1700.26
3195,172,30,367.43
3196,343,35,41.56
3197,355,19,56.18
3198,275,27,579.28
3199,38,19,1725.22
3200,289,22,1981.2
3201,212,27,387.66
3202,18,21,1318.79
3203,128,19,435.63
3204,150,21,931.65
3205,71,22,515.68
3206,74,33,2017.19
3207,260,29,398.1
3208,96,21,2522.34
3209,278,29,268.85
3210,129,30,124.62
3211,86,23,873.23
3212,259,30,280.87
3213,349,17,637.44
3214,342,33,768.78
3215,347,26,379.59
3216,115,24,1473.81
3217,125,34,96.71
3218,37,20,132.85
3219,169,25,2702.59
3220,171,30,1473.81
3221,10,27,488.92
3222,120,19,345.39
3223,282,28,239.55
3224,14,21,498.04
3225,100,23,384.37
3226,281,14,912.6
3227,37,18,419.6
3228,360,23,218.47
3229,293,28,676.2
3230,185,32,311.82
3231,17,24,864.27
3232,169,23,81.4
3233,289,31,751.59
3234,71,21,155.57
3235,251,22,458.56
3236,60,25,21.25
3237,270,23,144.83
3238,246,29,828.69
3239,340,22,109.41
3240,47,19,1260.32
3241,157,21,419.33
3242,42,22,522.59
3243,215,29,153.9
3244,61,27,1362.5
3245,134,15,3271
3246,252,29,1081.66
3247,306,21,1290.44
3248,356,19,1728.57
3249,145,25,203.37
3250,133,19,676.35
3251,72,31,1859.28
3252,170,24,1769.63
3253,92,33,1742.24
3254,106,28,1448.35
3255,338,31,3550.82
3256,134,29,1535.7
3257,292,28,499.97
3258,355,16,1855.5
3259,135,18,1842.9
3260,352,23,230.4
3261,299,29,3570.33
3262,23,24,300.87
3263,248,32,23.89
3264,57,31,182.34
3265,27,25,56.34
3266,325,22,1977.12
3267,209,26,534.66
3268,111,24,860.68
3269,21,23,554.56
3270,110,29,2044.96
3271,5,32,309.39
3272,326,23,269.96
3273,78,22,1041.9
3274,201,31,3798.79
3275,263,26,1004.18
3276,308,19,133.74
3277,69,32,213.75
3278,359,31,1106.71
3279,184,26,40.08
3280,142,17,443.55
3281,47,29,1109.54
3282,298,22,1893.76
3283,31,30,228.14
3284,307,23,947.6
3285,247,13,467.42
3286,262,38,757.95
3287,259,25,148.25
3288,179,37,888.96
3289,110,18,9.24
3290,89,27,1866.9
3291,64,29,973.28
3292,72,22,333.24
3293,135,22,2149.12
3294,297,26,720.4
3295,58,12,413.31
3296,68,20,71.6
3297,157,16,842.93
3298,224,17,458.7
3299,330,28,3345.26
3300,48,22,300.24
3301,226,29,2845.21
3302,236,28,2303.42
3303,299,22,85.68
3304,292,29,116.87
3305,267,24,797.51
3306,224,32,1477.42
3307,81,26,620.37
3308,164,19,1521.96
3309,199,23,195.2
3310,144,24,530.61
3311,227,25,2505.61
3312,52,22,907.35
3313,86,32,350.78
3314,27,21,1882.82
3315,269,21,138.21
3316,62,22,197.81
3317,310,21,2953.98
3318,225,21,449.25
3319,321,22,882.43
3320,218,26,161.44
3321,322,32,1838.04
3322,15,18,384.23
3323,126,29,88.38
3324,358,32,18.06
3325,236,21,980.45
3326,322,25,65.72
3327,155,24,951.43
3328,173,27,413.05
3329,74,31,806.99
3330,240,17,296.92
3331,284,27,550.76
3332,306,22,1273.08
3333,49,30,879.89
3334,128,22,145.21
3335,241,13,539.68
3336,346,28,1569.22
3337,217,23,1587.68
3338,247,30,1106.42
3339,319,24,1090.2
3340,232,23,793.17
3341,323,37,275.65
3342,329,26,104.46
3343,216,31,1445.6
3344,354,12,1803.03
3345,275,23,953.23
3346,128,27,862.67
3347,197,20,1908.94
3348,30,29,318.18
3349,246,28,117.33
3350,139,29,38.51
3351,161,29,136.7
3352,226,28,56.2
3353,312,24,177.38
3354,184,15,5452.63
3355,125,28,340.61
3356,279,13,2923.21
3357,201,23,843.46
3358,23,25,118.72
3359,244,26,17.96
3360,93,19,2937.07
3361,185,28,983.77
3362,234,23,2756.72
3363,125,25,748.45
3364,72,31,1994.75
3365,181,28,2774.16
3366,39,27,302.17
3367,335,27,189.45
3368,160,21,159.76
3369,76,25,1061.34
3370,137,26,3177.87
3371,122,38,244.85
3372,354,24,2292.18
3373,355,31,1294.49
3374,136,11,756.77
3375,151,21,188.47
3376,19,26,812.52
3377,257,30,801.41
3378,111,35,2969.23
3379,27,32,2001.26
3380,263,26,1619.32
3381,168,21,241.22
3382,90,21,54.76
3383,265,23,218.08
3384,215,25,1360.47
3385,347,31,264.1
3386,199,26,1151.26
3387,185,30,322.67
3388,151,29,1211.02
3389,212,28,252.27
3390,81,32,862.13
3391,105,25,1204.56
3392,82,33,960.97
3393,194,32,723.7
3394,177,25,639.82
3395,163,13,614.67
3396,120,28,90.39
3397,169,18,1529.38
3398,309,21,37.09
3399,212,25,62.07
3400,177,27,2764.7
3401,85,21,391.57
3402,108,23,319.08
3403,56,28,2513.79
3404,300,33,484.12
3405,36,28,701.33
3406,140,21,22.23
3407,288,19,441.93
3408,251,27,1264.76
3409,90,28,390.83
3410,147,20,128.54
3411,280,21,694.12
3412,264,18,214.35
3413,184,27,148.05
3414,263,25,4154.58
3415,120,26,2080
3416,234,18,904.79
3417,257,24,30.98
3418,250,28,290.51
3419,162,21,128.77
3420,331,26,803.3
3421,214,24,959.32
3422,108,13,1558.42
3423,326,29,912.33
3424,171,19,609.04
3425,119,29,510
3426,76,35,1774.31
3427,15,25,1064.08
3428,243,26,356.9
3429,254,29,2935.38
3430,161,23,265.05
3431,287,24,140.58
3432,103,24,95.3
3433,252,30,1376.26
3434,27,25,2100.59
3435,164,25,37.12
3436,25,34,976.44
3437,61,24,1676.97
3438,227,25,317.04
3439,16,27,2045.71
3440,246,27,970.6
3441,287,27,2519.26
3442,244,21,1063.52
3443,143,21,1836.82
3444,18,25,1631.38
3445,22,27,96.27
3446,268,32,2375.84
3447,202,21,802
3448,358,31,35.38
3449,320,30,1325.47
3450,89,27,997.5
3451,72,26,228.12
3452,235,35,4516.71
3453,78,22,536.9
3454,205,20,2896.65
3455,340,28,247.98
3456,9,28,571.91
3457,130,25,1854.32
3458,176,23,712.89
3459,239,38,419.23
3460,272,26,685.62
3461,209,25,326.29
3462,204,15,1170.32
3463,255,20,984.99
3464,219,22,2135.23
3465,305,29,314.55
3466,44,10,728.46
3467,108,32,411.23
3468,267,20,1304.45
3469,232,24,0.69
3470,248,26,2279.55
3471,15,14,99.08
3472,344,28,48.43
3473,178,33,605.07
3474,315,21,3215.74
3475,348,26,107.88
3476,286,23,159.38
3477,120,22,220.83
3478,326,36,1733.73
3479,121,18,365.74
3480,233,26,766.43
3481,275,20,549.75
3482,215,28,947.63
3483,41,29,936.32
3484,73,27,2397.19
3485,203,34,579.97
3486,234,29,576.72
3487,93,33,1081.31
3488,18,23,236.53
3489,208,28,301.11
3490,14,27,845.31
3491,217,25,588.53
3492,347,27,172.16
3493,196,28,675.53
3494,242,28,44.16
3495,87,23,2687.52
3496,311,25,749.72
3497,310,26,1389.88
3498,326,27,1782.18
3499,72,25,15.09
3500,258,23,161.52
3501,224,15,825.77
3502,117,22,166.22
3503,301,22,916.26
3504,168,19,424.28
3505,219,27,2554.65
3506,242,22,899.57
3507,83,30,681.57
3508,113,35,2115.79
3509,300,28,856.88
3510,324,27,762.17
3511,36,26,330.99
3512,254,25,156.81
3513,248,27,846.32
3514,43,17,210.77
3515,41,31,549.35
3516,44,19,1104.11
3517,313,22,948.38
3518,61,18,1433.4
3519,358,30,1318.71
3520,240,21,80.09
3521,57,25,99.38
3522,92,28,555.47
3523,77,14,617.39
3524,37,22,772.85
3525,119,23,848.56
3526,94,33,180.43
3527,307,41,266.45
3528,324,24,372.62
3529,33,28,181.93
3530,357,21,1770.96
3531,135,35,45.94
3532,300,28,520.26
3533,40,28,455.78
3534,356,25,1249.64
3535,160,34,72.04
3536,87,31,375.25
3537,267,21,58.97
3538,279,20,863.28
3539,35,23,828.76
3540,360,21,333.56
3541,121,18,142.87
3542,324,26,719.71
3543,164,34,222.47
3544,134,26,156.53
3545,226,31,532.78
3546,113,27,1224.58
3547,127,26,382.08
3548,233,16,1176.99
3549,179,17,24.06
3550,148,28,2114.01
3551,212,23,813.29
3552,290,27,161.82
3553,60,20,900.71
3554,77,21,1421.58
3555,230,23,29.46
3556,107,29,105.04
3557,81,29,812.27
3558,251,16,978.31
3559,76,33,28.82
3560,321,29,1455.45
3561,279,21,2353.58
3562,208,28,145.44
3563,43,30,807.61
3564,146,34,48.02
3565,218,35,2662.86
3566,113,22,179.29
3567,326,31,438.71
3568,324,29,232.86
3569,248,24,3129.79
3570,3,26,736.09
3571,342,26,508.62
3572,258,21,3344.71
3573,142,29,2255.77
3574,26,14,259.67
3575,81,33,30.32
3576,166,13,685.08
3577,183,29,464
3578,206,31,1240.76
3579,79,35,303.27
3580,4,21,389.34
3581,58,19,185.54
3582,357,29,1358.07
3583,201,20,72.67
3584,306,33,1723.74
3585,59,31,159.51
3586,203,31,122.09
3587,16,25,595
3588,107,30,1248.61
3589,227,24,3.2
3590,3,26,1778.56
3591,154,23,82.58
3592,98,31,1888.32
3593,124,27,1978.04
3594,241,24,52.51
3595,281,23,160.32
3596,160,21,845.48
3597,281,25,2423.94
3598,174,22,736.23
3599,22,23,417.37
3600,295,25,425.77
3601,164,25,927.03
3602,208,31,1043.12
3603,330,22,173.5
3604,117,26,449.22
3605,315,34,1829.46
3606,20,25,879.67
3607,144,26,2485.7
3608,223,31,796.94
3609,81,36,553.74
3610,51,28,1301.05
3611,23,26,203.36
3612,236,21,615.36
3613,275,22,253.86
3614,132,25,933.53
3615,271,24,1242.56
3616,117,28,1122.41
3617,235,20,3663.95
3618,198,24,1529.35
3619,29,30,292.72
3620,266,27,472.64
3621,111,23,5456.08
3622,185,23,288.66
3623,260,27,115.18
3624,190,27,238.95
3625,356,30,4095.21
3626,300,15,511.39
3627,113,26,1535.42
3628,236,23,466.14
3629,307,28,724.07
3630,249,34,3870.99
3631,303,25,418.02
3632,143,24,376.58
3633,141,22,147.85
3634,179,25,79.41
3635,156,22,37.76
3636,158,34,605.4
3637,263,32,1259.71
3638,93,16,807.27
3639,324,25,538.7
3640,257,14,605.14
3641,91,31,675.48
3642,266,23,300.22
3643,97,23,62.61
3644,114,20,764.25
3645,196,27,1290.53
3646,85,22,45.86
3647,323,20,182.24
3648,78,25,1285.45
3649,217,25,1309.53
3650,243,26,1129.19
3651,342,23,2338.17
3652,292,25,289.96
3653,115,23,281.47
3654,243,28,2261.06
3655,236,35,852.9
3656,84,25,533.11
3657,278,24,1171.33
3658,59,29,1612.59
3659,299,27,629.14
3660,292,28,619.4
3661,136,19,359.46
3662,203,30,477.07
3663,95,23,2099.21
3664,253,19,427.37
3665,351,19,633.33
3666,103,26,786.4
3667,55,31,1488.45
3668,260,26,3974.7
3669,102,24,421.65
3670,201,23,3253.39
3671,43,31,1410.65
3672,1,20,1587.16
3673,216,30,2957.58
3674,251,28,89.51
3675,87,21,514.54
3676,227,20,522.55
3677,272,25,157.64
3678,37,28,28.94
3679,212,19,1556.89
3680,6,20,2362.3
3681,281,34,112.51
3682,30,22,403.35
3683,261,28,2210.18
3684,200,31,1355.14
3685,261,26,1621.9
3686,37,22,1159.2
3687,144,20,841.86
3688,198,34,2638.02
3689,102,30,99.13
3690,265,27,1699.4
3691,133,27,475.32
3692,217,32,2390.42
3693,266,24,104.18
3694,161,19,103.38
3695,199,22,429.61
3696,33,18,284.68
3697,179,23,267.59
3698,22,22,407.77
3699,336,21,1281.16
3700,120,18,1000.56
3701,237,20,1299.02
3702,116,18,17.93
3703,51,23,2063.19
3704,125,22,1806.67
3705,189,23,100.59
3706,343,15,28.02
3707,249,29,168.18
3708,284,28,240.94
3709,6,14,745.72
3710,139,25,775.54
3711,335,25,378.14
3712,188,22,2222.48
3713,335,18,266.51
3714,304,21,1548.69
3715,11,27,1518.76
3716,73,28,157.08
3717,141,34,45.16
3718,316,25,474.91
3719,138,25,1147.28
3720,218,24,222.3
3721,146,31,484.3
3722,283,22,366.57
3723,72,22,2379.66
3724,178,27,707.15
3725,50,26,278.33
3726,21,20,933.82
3727,250,21,150.48
3728,161,21,309.79
3729,355,30,1385.8
3730,267,27,1656.57
3731,42,20,138.74
3732,256,23,611.03
3733,76,27,434.57
3734,338,22,121.9
3735,230,25,2295.31
3736,5,26,1956.05
3737,198,30,563.74
3738,26,28,775.83
3739,337,26,3093.3
3740,11,16,618.17
3741,114,37,500.85
3742,98,26,2789.68
3743,231,28,109.72
3744,143,27,45.49
3745,160,34,693.69
3746,338,19,344.97
3747,132,20,788.82
3748,66,26,3847.41
3749,58,29,1111.69
3750,334,30,1746.77
3751,68,25,2715.38
3752,79,30,1603.45
3753,291,25,1655.91
3754,209,21,642.4
3755,332,20,1404.23
3756,91,28,627.96
3757,199,27,318.67
3758,194,28,2805.28
3759,141,24,1238.27
3760,35,21,315.11
3761,217,18,4742.07
3762,249,26,464.64
3763,109,26,228.29
3764,133,21,1388.57
3765,228,30,1043.67
3766,215,31,1623.35
3767,73,25,687.61
3768,183,25,4224.7
3769,143,23,1855.83
3770,31,34,119
3771,41,28,4030.1
3772,91,21,1434.25
3773,104,13,1428.5
3774,184,24,78.98
3775,187,24,69.33
3776,216,28,334.25
3777,115,24,1679.69
3778,58,31,1253.62
3779,178,29,1008.12
3780,18,21,1488.16
3781,324,21,2693.99
3782,57,21,1999.04
3783,5,23,474.47
3784,352,29,529.33
3785,295,32,71.12
3786,249,29,46.37
3787,164,25,395.48
3788,70,30,3849.32
3789,194,31,3188.95
3790,267,18,1036.49
3791,270,29,125.18
3792,45,24,196
3793,168,15,623.08
3794,83,23,514.12
3795,324,19,2650.65
3796,141,25,607.96
3797,185,26,878.31
3798,26,24,346.23
3799,28,26,953.52
3800,187,28,4576.33
3801,264,36,1271.72
3802,323,25,2131.57
3803,281,35,818.06
3804,92,22,521.63
3805,218,16,251.9
3806,52,23,2844.71
3807,217,9,38.28
3808,271,21,690.05
3809,347,28,9.64
3810,24,24,488.6
3811,170,15,26.14
3812,207,33,2339.43
3813,172,24,456.91
3814,183,23,695.99
3815,112,33,1970.55
3816,273,21,2795.8
3817,264,22,232.68
3818,240,19,994.9
3819,236,24,263.79
3820,62,15,1672.98
3821,161,24,479.01
3822,239,26,728.75
3823,339,31,1328.13
3824,72,24,2446.62
3825,99,33,237.27
3826,68,20,80.54
3827,335,23,429.24
3828,21,32,1256.69
3829,221,21,934.31
3830,13,27,818.16
3831,127,21,109.35
3832,335,29,2487.96
3833,40,27,305.62
3834,68,24,796.39
3835,240,27,1819.04
3836,354,27,2118.83
3837,161,16,303.24
3838,105,27,90.42
3839,51,31,1608.65
3840,228,8,932.85
3841,73,21,9600.17
3842,346,25,770.74
3843,85,24,3601.63
3844,255,11,49.17
3845,9,19,426.44
3846,156,32,5418.49
3847,347,24,136.34
3848,232,17,663.9
3849,329,27,805.05
3850,70,21,648.26
3851,177,33,419.74
3852,191,31,450.47
3853,145,27,412.05
3854,271,30,710.71
3855,94,24,30.04
3856,341,29,738.85
3857,113,21,1705.75
3858,313,29,847.86
3859,215,21,182.4
3860,234,21,250.15
3861,329,28,1202.89
3862,190,19,75.68
3863,279,29,22.74
3864,149,30,148.31
3865,57,31,23.01
3866,245,26,3.91
3867,329,26,3788.5
3868,293,29,1287.45
3869,59,30,2212.07
3870,319,30,81.76
3871,19,30,1781.81
3872,199,17,2491.46
3873,73,27,277.28
3874,41,31,617.43
3875,137,18,229.42
3876,39,27,1235.56
3877,256,16,945.67
3878,338,23,365.32
3879,135,23,1168.49
3880,75,23,407.37
3881,130,12,425.39
3882,126,22,98.55
3883,336,26,2293.06
3884,328,27,66.85
3885,217,29,4603.46
3886,289,19,565.02
3887,163,22,676.07
3888,269,20,880.11
3889,219,31,184.7
3890,71,27,1020.96
3891,329,25,142.42
3892,158,24,314.14
3893,67,18,2114.26
3894,7,26,298.68
3895,104,26,492.46
3896,309,14,2721.46
3897,315,26,2812.66
3898,40,26,1599.72
3899,333,23,564.57
3900,57,24,575.43
3901,20,25,681.47
3902,190,21,591.48
3903,177,31,259.53
3904,163,26,2747.93
3905,103,16,493.78
3906,285,28,811.45
3907,267,33,1031.1
3908,187,21,328.28
3909,283,24,421.52
3910,183,27,4825.75
3911,101,22,339.24
3912,216,22,270.5
3913,99,30,915.02
3914,355,15,2062.66
3915,193,34,321.56
3916,255,21,191.66
3917,150,25,63.88
3918,270,28,491.85
3919,105,24,1016.63
3920,309,22,258.72
3921,161,30,365.93
3922,2,18,576.3
3923,85,26,1315.75
3924,204,29,109.61
3925,109,21,455.42
3926,217,35,290.35
3927,136,22,61.88
3928,113,22,460.63
3929,92,16,568.13
3930,200,34,900.2
3931,352,29,1535.37
3932,186,32,825.24
3933,356,31,1381.68
3934,114,24,183.6
3935,68,19,513
3936,183,23,47.22
3937,186,28,2027.1
3938,145,26,212.91
3939,307,32,84.6
3940,49,25,174.81
3941,196,23,430.64
3942,216,21,185.45
3943,309,17,272.34
3944,287,20,95.45
3945,108,23,1259.61
3946,35,24,798.83
3947,298,24,39.53
3948,125,30,1360.23
3949,36,28,2556.6
3950,233,21,460.73
3951,131,26,1208.81
3952,156,27,1378.1
3953,61,34,3056.04
3954,194,21,943.29
3955,255,28,310.24
3956,179,24,589.85
3957,161,26,442.41
3958,242,24,1283.65
3959,248,25,1306.24
3960,279,26,680.39
3961,120,31,827.61
3962,339,26,1354.67
3963,221,23,391.12
3964,69,21,575.67
3965,127,30,329.94
3966,174,30,1188.59
3967,14,23,2177.36
3968,180,32,581
3969,47,23,319.08
3970,42,25,300.22
3971,74,20,1106.69
3972,345,30,1213.92
3973,116,32,4535.84
3974,14,28,1866.81
3975,252,18,305.95
3976,243,32,1051.64
3977,128,29,27.94
3978,126,23,601.86
3979,300,35,1029.99
3980,312,19,429.03
3981,112,25,2308.59
3982,320,28,613.03
3983,37,32,1527.32
3984,358,22,386.73
3985,237,27,191.35
3986,7,30,2962.76
3987,33,33,0.31
3988,81,30,21.93
3989,143,16,12.31
3990,348,27,503.85
3991,336,16,722.6
3992,27,21,322.93
3993,298,18,938.93
3994,352,30,1588.22
3995,72,27,1119.65
3996,176,25,574.53
3997,23,35,3310.95
3998,304,22,798.82
3999,65,29,566.67
4000,5,27,282.14
4001,340,26,660.94
4002,326,22,792.19
4003,175,34,647.34
4004,333,23,2706.33
4005,234,21,1054.15
4006,198,17,183.36
4007,288,28,1860.27
4008,103,29,1381.5
4009,224,25,1161.84
4010,165,24,1105.57
4011,160,28,273.84
4012,126,29,1735.09
4013,239,15,932.05
4014,31,28,845.49
4015,333,27,369.09
4016,137,28,346.56
4017,137,30,747.24
4018,276,22,242.28
4019,1,20,2375.89
4020,208,22,11.26
4021,35,29,1019.14
4022,202,30,1660.05
4023,137,26,1923.05
4024,125,23,1108.73
4025,252,20,238.79
4026,45,25,101.69
4027,100,29,1896.7
4028,196,23,578.41
4029,143,36,12.07
4030,283,19,310.15
4031,36,29,149.29
4032,148,28,377.66
4033,86,32,1234.08
4034,28,40,1500.5
4035,151,30,5664.01
4036,6,18,105.96
4037,109,23,2670.8
4038,19,30,232.04
4039,248,32,514.74
4040,151,27,790.37
4041,158,24,317.3
4042,82,27,99.53
4043,146,20,184.48
4044,24,20,408.93
4045,11,25,1366.08
4046,146,22,5811.79
4047,19,31,241.76
4048,290,41,96.09
4049,327,33,1449.96
4050,326,22,278.13
4051,138,28,1077.63
4052,11,24,287.74
4053,44,32,3199.59
4054,9,22,1788.98
4055,353,21,1638.04
4056,12,20,1385.88
4057,212,24,2395.71
4058,354,23,1672.81
4059,68,17,1328.46
4060,151,35,330.75
4061,107,26,1114.3
4062,325,23,1044.26
4063,246,29,664.08
4064,165,31,1246.49
4065,101,27,536.66
4066,108,33,399.06
4067,176,27,367.17
4068,350,24,457.08
4069,88,22,1293.32
4070,46,32,1020.46
4071,333,34,687.99
4072,285,20,399.71
4073,65,25,443.21
4074,259,30,573.66
4075,47,38,973.11
4076,340,20,1076.85
4077,126,23,70
4078,345,25,900.22
4079,241,16,276.35
4080,66,27,356.43
4081,96,22,183.4
4082,223,24,881.9
4083,108,28,972.9
4084,322,25,32.24
4085,267,18,144.57
4086,249,20,301.44
4087,80,22,255.15
4088,116,23,397.21
4089,196,32,3.9
4090,175,26,56.73
4091,313,27,1637.43
4092,271,28,121.81
4093,88,28,68.79
4094,27,25,658.69
4095,155,22,154.7
4096,138,22,1853.72
4097,117,26,80.61
4098,289,31,929.3
4099,130,24,132.04
4100,352,21,321.79
4101,129,28,589.69
4102,266,15,384.36
4103,145,21,5
4104,98,30,1287.94
4105,278,22,1172.48
4106,189,29,1312.98
4107,333,23,79.14
4108,259,28,124.03
4109,123,22,68.44
4110,305,22,256.87
4111,34,30,2456.93
4112,162,21,0.01
4113,128,19,257.52
4114,195,26,2550.89
4115,343,26,554.49
4116,126,29,458.98
4117,79,21,551.79
4118,305,21,846.34
4119,154,27,130.48
4120,64,20,645.33
4121,61,23,586.94
4122,217,25,2464.42
4123,315,25,1159.68
4124,307,23,57.74
4125,39,23,279.87
4126,157,23,1908.3
4127,119,25,358.93
4128,42,30,1090.75
4129,56,22,310.35
4130,188,25,2389.16
4131,203,16,245.92
4132,122,18,1847.3
4133,180,34,313.6
4134,232,22,295.15
4135,301,25,50.24
4136,58,25,87.27
4137,67,26,1013.8
4138,337,32,2215.78
4139,37,26,728.46
4140,274,22,32.82
4141,356,32,1104.52
4142,231,21,50.34
4143,131,29,1526.83
4144,53,32,6140.31
4145,22,20,562.99
4146,196,18,221.9
4147,205,31,3819.18
4148,257,26,228.59
4149,208,30,1058.37
4150,197,29,596.65
4151,320,32,1861.9
4152,65,27,1365.65
4153,74,24,752.96
4154,244,25,26.98
4155,155,19,499.94
4156,243,29,2048.81
4157,284,21,2407.07
4158,216,28,1424.96
4159,74,22,573.89
4160,322,18,1451.58
4161,230,20,1170.66
4162,283,28,875.87
4163,219,24,448.62
4164,206,28,1198.3
4165,9,23,352.72
4166,146,37,834.29
4167,262,14,772.25
4168,330,26,3407.65
4169,73,16,244.02
4170,163,22,2785.31
4171,297,25,2244.93
4172,14,19,2031.15
4173,60,20,1775.99
4174,174,25,868.23
4175,293,25,700.77
4176,159,24,1132.32
4177,225,26,149.26
4178,112,35,228.23
4179,146,24,416.26
4180,232,24,918.58
4181,251,29,2143.61
4182,77,28,6.73
4183,209,28,3052.89
4184,127,26,3690.95
4185,17,29,910.62
4186,312,32,1040.7
4187,233,28,66.92
4188,274,24,516.11
4189,5,32,256.71
4190,62,31,1464.22
4191,170,21,321.61
4192,103,19,2877.61
4193,195,25,1546.74
4194,158,23,761.92
4195,310,13,169.63
4196,17,20,1478.7
4197,244,24,1365.38
4198,253,21,4605.06
4199,189,21,160.67
4200,266,16,2271.73
4201,188,26,596.9
4202,139,21,396.32
4203,205,27,256.71
4204,291,27,1178.59
4205,146,19,7.4
4206,69,27,1563.81
4207,127,11,513.45
4208,293,34,1111.64
4209,169,24,1271.19
4210,187,29,80.1
4211,233,28,671.33
4212,62,33,1219.46
4213,112,19,562.43
4214,98,12,1084.17
4215,287,29,565.91
4216,348,25,111.42
4217,213,20,1212.11
4218,237,20,1266.33
4219,146,25,1360.21
4220,136,21,15.85
4221,221,26,705.8
4222,76,31,1518.2
4223,279,26,1087.75
4224,167,23,1101.12
4225,300,19,1054.93
4226,141,30,384.66
4227,59,25,2128.78
4228,93,26,1644.84
4229,253,26,2511.3
4230,218,21,189.21
4231,322,19,2308.13
4232,325,26,424.13
4233,259,13,244.48
4234,72,11,891.7
4235,70,29,591.08
4236,58,27,198.73
4237,258,28,1512.69
4238,322,30,2599.95
4239,242,21,156.41
4240,295,26,787.7
4241,292,31,1048.57
4242,271,32,3510.45
4243,38,26,4381.61
4244,71,14,171.1
4245,68,23,1591.28
4246,318,26,172.22
4247,51,24,444.04
4248,109,34,289.9
4249,143,23,421.24
4250,68,21,150.37
4251,348,13,2042.35
4252,3,32,2328.6
4253,247,23,1181.69
4254,10,28,307.08
4255,261,23,596.4
4256,94,26,960.28
4257,216,23,314.51
4258,290,27,624.09
4259,84,27,112.1
4260,11,24,36.28
4261,239,26,99.42
4262,247,26,106.3
4263,160,19,461.77
4264,2,31,20.95
4265,102,21,324.14
4266,317,27,1931.38
4267,109,17,1292.58
4268,282,28,1458.68
4269,88,26,3518.13
4270,339,23,142.44
4271,297,30,1970.98
4272,272,22,537.35
4273,147,24,2954.92
4274,265,24,363.67
4275,130,18,671.43
4276,89,23,253.2
4277,140,17,373.19
4278,219,35,977.08
4279,186,27,3339.14
4280,205,32,88.04
4281,70,21,700.79
4282,198,27,1049.94
4283,178,25,479.5
4284,69,33,753.07
4285,65,25,2219.15
4286,346,20,143.74
4287,9,16,712.29
4288,16,28,827.1
4289,176,19,428.63
4290,65,18,1932.48
4291,75,25,494.76
4292,143,20,242.76
4293,252,25,1292.59
4294,142,26,1304
4295,356,29,2197.54
4296,164,21,277.43
4297,136,30,62.82
4298,34,27,2287.73
4299,19,25,781.89
4300,321,23,535.06
4301,112,16,264.01
4302,243,23,1387.74
4303,170,32,1227.36
4304,212,19,35.69
4305,130,28,672.49
4306,44,34,276.26
4307,277,29,371.69
4308,298,27,695.56
4309,281,25,127.72
4310,24,29,37.51
4311,357,18,134.31
4312,333,24,377.28
4313,340,18,2133.7
4314,158,22,698.54
4315,113,24,645.88
4316,16,28,810.49
4317,352,20,1210.24
4318,334,23,1400.6
4319,131,24,1021.62
4320,32,24,836.54
4321,322,40,2127.02
4322,11,33,895.98
4323,239,16,696.16
4324,141,23,36.98
4325,99,28,14.77
4326,284,25,1339.31
4327,258,24,1278.3
4328,124,35,1103.16
4329,158,20,470.34
4330,148,23,1002.26
4331,268,25,135.55
4332,214,25,755.06
4333,129,22,3983.53
4334,359,18,1795.41
4335,231,36,83.23
4336,275,9,1056.78
4337,144,31,2136.97
4338,112,29,1706.56
4339,282,21,1396.21
4340,354,32,63.46
4341,284,22,39.82
4342,59,21,1393.4
4343,346,24,120.82
4344,314,26,1548.64
4345,273,31,1208.43
4346,211,17,2212.68
4347,256,32,870.57
4348,256,31,4354.87
4349,110,37,992.63
4350,117,27,91.73
4351,216,28,350.68
4352,66,37,1357.19
4353,205,19,48
4354,182,28,154.83
4355,210,21,543.38
4356,290,31,65.55
4357,331,28,2312.34
4358,310,28,605.59
4359,195,23,1634.79
4360,101,26,12.36
4361,237,30,803.28
4362,195,22,136.08
4363,338,25,1072.77
4364,315,36,1080.73
4365,27,25,659.32
4366,198,21,28.65
4367,71,24,1823.59
4368,102,21,328.94
4369,116,30,1715.32
4370,58,35,257.69
4371,207,35,532.13
4372,168,22,1694.59
4373,171,24,782.39
4374,233,31,833.97
4375,266,22,263.03
4376,146,31,527.62
4377,63,20,31.12
4378,334,20,291.41
4379,119,24,260.14
4380,341,34,2088.32
4381,169,30,658.98
4382,11,31,1388.38
4383,191,28,1094.06
4384,145,20,2841.55
4385,165,22,755.72
4386,9,25,264.47
4387,141,18,904.21
4388,305,30,298.5
4389,182,18,1922.97
4390,27,23,227.17
4391,162,25,1683.77
4392,97,17,54.11
4393,27,12,1441.61
4394,209,27,3189.36
4395,193,21,259.6
4396,253,25,1249.23
4397,137,19,479.88
4398,231,20,594.04
4399,261,21,710.37
4400,235,22,738.27
4401,349,25,522.22
4402,182,19,935.27
4403,266,25,718.71
4404,250,16,1475.46
4405,346,22,532.44
4406,262,20,805.31
4407,210,20,3293.97
4408,131,32,317.07
4409,123,26,119
4410,31,30,1057.87
4411,223,28,1002.19
4412,201,26,1353.36
4413,347,20,128.62
4414,64,26,277.3
4415,248,27,722.86
4416,112,19,220.73
4417,279,26,87.76
4418,227,16,1926.98
4419,32,22,1325.72
4420,304,23,774.31
4421,350,18,337.62
4422,251,18,475.69
4423,336,33,616.54
4424,73,24,1537.55
4425,357,31,1606.77
4426,56,18,3102.47
4427,247,26,1467.77
4428,320,28,105.58
4429,111,30,70.83
4430,208,21,700.49
4431,204,25,152.37
4432,214,30,2335.02
4433,267,33,127.84
4434,267,21,1616.45
4435,346,25,306.81
4436,132,27,50.76
4437,309,31,609.6
4438,205,23,153.33
4439,222,26,158.27
4440,335,26,179.55
4441,214,28,25.59
4442,270,28,3094.52
4443,314,25,1044.58
4444,321,21,892.92
4445,69,23,1999.29
4446,341,16,180.56
4447,272,24,349.17
4448,148,29,188.3
4449,95,28,673.65
4450,104,31,45.41
4451,108,22,1566.79
4452,125,28,987.66
4453,243,23,1360.93
4454,285,17,1179.41
4455,119,28,316.99
4456,307,19,39.19
4457,25,20,1327.85
4458,108,24,838.63
4459,165,27,242.81
4460,271,28,140.31
4461,21,25,644.4
4462,77,17,325.35
4463,205,30,274.05
4464,173,22,547.79
4465,324,24,975.61
4466,181,31,100.87
4467,289,23,674.93
4468,61,22,407.98
4469,142,28,535.19
4470,342,25,524.42
4471,242,24,599.3
4472,334,25,660.51
4473,4,33,3420.19
4474,79,23,1975.9
4475,193,18,507.51
4476,258,18,275.41
4477,7,18,967.98
4478,192,32,344.26
4479,20,20,847.94
4480,224,29,670.09
4481,276,19,638.65
4482,277,36,161.88
4483,119,26,149.74
4484,23,25,1228.69
4485,239,25,93.08
4486,219,29,1098.12
4487,149,24,387.01
4488,22,22,929.67
4489,143,21,348.04
4490,58,29,1332.14
4491,341,29,136.32
4492,180,19,766.12
4493,103,23,1667.97
4494,112,30,2925.39
4495,314,26,505.43
4496,248,23,1468.5
4497,40,28,242.19
4498,74,25,32.55
4499,144,23,1873.79
4500,134,25,406.39
4501,10,22,748.76
4502,217,17,2426.8
4503,301,23,818.72
4504,217,26,1864.07
4505,158,30,830.11
4506,87,30,602.83
4507,347,25,1401.95
4508,314,28,791.25
4509,274,15,710.46
4510,192,24,2864.84
4511,292,16,852.17
4512,52,28,386.17
4513,250,29,738.32
4514,207,32,3115.48
4515,92,18,3448.87
4516,97,20,22.89
4517,9,30,981.39
4518,120,22,155.66
4519,163,24,979.01
4520,46,16,246.95
4521,25,31,451.28
4522,115,20,416.74
4523,200,26,2421.29
4524,134,19,1521.95
4525,255,30,1715.23
4526,64,17,1832.51
4527,229,36,51.96
4528,115,22,2990.53
4529,314,20,43.69
4530,92,26,874.68
4531,126,25,398.99
4532,144,20,797
4533,105,26,277.45
4534,305,24,2073.27
4535,259,18,452.98
4536,351,11,1814.54
4537,133,33,237.45
4538,132,17,133.6
4539,193,27,1443.71
4540,229,18,967.34
4541,202,19,1961.88
4542,85,28,6.64
4543,195,20,2736.32
4544,64,27,367.84
4545,259,23,488.52
4546,103,25,1115.45
4547,165,19,3039.22
4548,84,25,19.27
4549,275,22,1236.7
4550,338,28,146.54
4551,14,34,1882.77
4552,28,21,1075.97
4553,39,27,2164.37
4554,106,23,1774.81
4555,171,19,907.38
4556,352,31,158.71
4557,15,20,73.95
4558,11,27,1605.96
4559,322,19,16.07
4560,268,26,517.38
4561,236,29,793.73
4562,336,22,1044.69
4563,59,30,1226.1
4564,159,21,921.23
4565,90,24,475.8
4566,124,32,224.98
4567,13,25,329.8
4568,163,23,1758.09
4569,132,17,523.06
4570,327,25,353.88
4571,118,23,925.75
4572,283,28,153.87
4573,107,33,1204.5
4574,236,23,137.83
4575,106,29,326.48
4576,286,22,1474.35
4577,175,39,1020.31
4578,105,22,43.02
4579,266,18,399.82
4580,235,33,1651.76
4581,76,28,1561.01
4582,168,22,2205.1
4583,102,20,2603.97
4584,261,22,143.94
4585,310,23,1886.77
4586,301,20,802.72
4587,222,30,435.33
4588,137,20,2231.51
4589,70,26,979.66
4590,133,27,583.48
4591,48,31,155.17
4592,5,30,825.89
4593,305,24,35.93
4594,159,26,75.83
4595,18,14,3558.37
4596,274,31,316.82
4597,247,21,1422.05
4598,289,26,2222.41
4599,128,21,73.56
4600,60,22,445.33
4601,265,22,1210.45
4602,286,11,799.29
4603,106,29,145.27
4604,333,24,1116.84
4605,29,21,1512.2
4606,87,32,220.56
4607,135,19,108.99
4608,106,20,554.97
4609,342,25,2513.77
4610,337,33,8395.68
4611,6,23,430.1
4612,348,24,1162.96
4613,263,27,1009.08
4614,180,25,152.48
4615,4,27,933.47
4616,101,27,486.48
4617,107,25,2396.83
4618,223,19,1617.27
4619,30,19,515.09
4620,208,22,269.93
4621,259,22,986.47
4622,88,26,3728.11
4623,111,8,6.47
4624,253,24,309.25
4625,19,30,649.44
4626,195,20,1481.31
4627,30,21,245.19
4628,190,21,126.38
4629,321,22,137.59
4630,124,21,83.18
4631,93,36,556.38
4632,237,21,1168.41
4633,88,19,721.52
4634,348,19,1042.73
4635,132,19,985.19
4636,215,23,51.38
4637,129,18,1299.89
4638,187,26,3322.94
4639,333,22,91
4640,105,29,326.25
4641,220,28,154.69
4642,325,32,108.56
4643,304,20,135.12
4644,308,31,38.28
4645,269,16,3467.92
4646,335,26,1639.9
4647,89,19,1052.01
4648,212,25,81.24
4649,278,21,2051.75
4650,131,18,981.91
4651,214,22,1241.19
4652,201,28,610.55
4653,74,25,439.45
4654,11,26,477.52
4655,88,27,679.34
4656,107,27,1811.56
4657,345,26,1407.38
4658,7,23,378.65
4659,179,28,1624
4660,104,26,1611.15
4661,30,17,18.73
4662,260,31,661.49
4663,271,24,885.09
4664,184,29,28.78
4665,109,26,840.94
4666,321,31,2369.13
4667,282,23,478.32
4668,321,23,671.55
4669,324,30,552.46
4670,191,38,1693.16
4671,245,18,2477.93
4672,33,32,1157.71
4673,11,28,1250.81
4674,242,19,128.91
4675,346,30,337.67
4676,301,15,1410.95
4677,226,21,549.59
4678,332,23,210.89
4679,308,26,127.84
4680,128,24,1916.45
4681,156,33,274.05
4682,300,25,1737.01
4683,284,25,1422.96
4684,68,21,235.89
4685,228,27,817.63
4686,174,24,274.21
4687,96,24,2857.96
4688,187,22,101.87
4689,94,21,1837.86
4690,128,24,1377.04
4691,17,24,669.59
4692,151,23,1476.14
4693,342,15,1963.92
4694,203,20,3207.66
4695,311,27,421.03
4696,66,17,2055.32
4697,160,30,43.85
4698,24,27,1067.41
4699,2,25,1579.98
4700,194,29,421.65
4701,192,22,681.7
4702,274,23,67.04
4703,225,25,2513.25
4704,260,23,63.64
4705,287,32,231.14
4706,198,25,704.89
4707,305,18,3646.8
4708,324,29,622.65
4709,43,28,129.72
4710,287,29,1528.47
4711,203,25,2570.88
4712,239,31,853.87
4713,287,22,1344.01
4714,124,26,2925.02
4715,280,30,1116.02
4716,299,28,956.36
4717,273,31,213.63
4718,302,23,644.31
4719,279,26,1062.48
4720,38,23,169.64
4721,248,25,901.3
4722,317,20,394.19
4723,29,23,4410.36
4724,310,30,284.45
4725,308,21,1955.93
4726,257,25,1138.36
4727,149,21,2163.15
4728,353,28,622.72
4729,297,35,390.88
4730,220,28,169.45
4731,171,26,1036.77
4732,98,29,969.14
4733,72,21,949.86
4734,52,29,1197.65
4735,123,22,1510.88
4736,245,22,330.15
4737,314,20,45.4
4738,202,33,2761.27
4739,16,26,3742.63
4740,107,27,30.56
4741,342,34,435.37
4742,122,19,59.63
4743,249,20,190.73
4744,339,24,987.68
4745,296,29,163.15
4746,6,27,3885.28
4747,242,22,1981.17
4748,195,23,713.82
4749,275,28,402.77
4750,32,29,17.09
4751,289,31,709.68
4752,66,23,190.91
4753,329,23,964.27
4754,153,30,429.11
4755,149,24,2551.02
4756,252,23,808.26
4757,114,28,1453.01
4758,36,18,1233.72
4759,202,24,732.5
4760,280,19,337.33
4761,119,25,1214.49
4762,265,18,48.96
4763,281,28,338.61
4764,5,28,4400.96
4765,283,22,1275.22
4766,192,26,1070.56
4767,223,27,454.82
4768,40,27,2350.62
4769,106,25,585.1
4770,288,22,2251.04
4771,212,23,681.07
4772,359,31,67.92
4773,43,29,2346.3
4774,238,24,513.89
4775,178,23,232.03
4776,17,30,1777.8
4777,86,25,662.62
4778,317,23,1268.34
4779,148,29,175.34
4780,73,28,449.05
4781,83,28,312.3
4782,349,18,182.42
4783,264,32,381.31
4784,22,29,10.51
4785,52,26,367.36
4786,131,36,10.76
4787,303,25,1869.95
4788,43,23,1576.28
4789,201,28,419.77
4790,343,23,2563.39
4791,344,17,746.18
4792,191,33,1629.34
4793,11,27,951.02
4794,179,24,1964.11
4795,39,33,1591.73
4796,359,32,216.21
4797,221,22,548.46
4798,119,21,749.78
4799,278,28,661.47
4800,123,23,713.86
4801,122,22,125.72
4802,162,33,571.1
4803,199,24,323.62
4804,213,29,417.22
4805,4,25,1555.26
4806,352,23,1790.42
4807,297,26,12.58
4808,52,19,94.41
4809,76,33,303.09
4810,255,25,1296.84
4811,73,27,4156.2
4812,47,23,1101.56
4813,345,24,387.9
4814,14,27,2178.52
4815,198,27,1171.22
4816,62,20,899.89
4817,75,22,335.28
4818,40,26,830.06
4819,228,27,292.62
4820,303,25,1067.53
4821,152,15,2522.26
4822,222,29,854.04
4823,315,24,276.23
4824,72,24,480.58
4825,11,17,1991.97
4826,199,23,873.37
4827,158,22,1732.68
4828,324,21,253.11
4829,348,27,424.08
4830,6,26,1423.29
4831,177,20,28.53
4832,114,31,67.17
4833,1,20,2795.23
4834,200,24,13.07
4835,307,26,45.3
4836,335,27,451.73
4837,242,25,3812.96
4838,127,26,112.51
4839,216,25,688.47
4840,249,23,4595.94
4841,229,20,2.01
4842,179,26,539.45
4843,18,33,2678.46
4844,60,29,1749.5
4845,338,33,574.02
4846,74,30,981.74
4847,298,30,977.7
4848,111,20,53.35
4849,198,32,178.61
4850,56,20,4100.64
4851,282,16,821.18
4852,7,22,1026.51
4853,246,20,2066.58
4854,28,30,678.7
4855,121,18,2178.46
4856,187,18,663.61
4857,145,25,200.78
4858,301,32,721.2
4859,294,24,119.13
4860,145,24,362.32
4861,251,21,903.78
4862,54,30,10.51
4863,97,29,75.63
4864,334,19,522.43
4865,279,22,2209.38
4866,18,22,290.93
4867,282,21,411.79
4868,22,24,520.33
4869,276,22,767.13
4870,22,24,161.31
4871,12,26,502.58
4872,64,16,93.82
4873,33,32,2714.3
4874,105,30,1309.82
4875,306,24,429.26
4876,95,22,14.79
4877,111,21,151.08
4878,44,19,1697.61
4879,194,30,1232.39
4880,227,17,971.99
4881,34,21,22.86
4882,326,19,459.77
4883,249,14,493.77
4884,304,29,1955.17
4885,74,16,1153.57
4886,292,27,398.35
4887,178,24,155.41
4888,243,24,884.7
4889,98,20,204.28
4890,350,29,2500.95
4891,232,28,1533.29
4892,290,28,700.43
4893,18,20,1934.45
4894,237,28,119.39
4895,347,30,1100.97
4896,175,26,1710.63
4897,323,23,2032.3
4898,7,17,1149.51
4899,7,25,368.78
4900,243,28,217.27
4901,356,22,5739.55
4902,59,20,1605.01
4903,187,37,1229.31
4904,275,22,1580.12
4905,314,31,1294.39
4906,216,35,1236.7
4907,280,25,606.22
4908,326,19,205.68
4909,191,27,1502.6
4910,173,21,116.33
4911,42,33,2580.06
4912,75,21,639.66
4913,245,17,788.77
4914,131,23,699.82
4915,271,31,116.81
4916,84,33,1756.67
4917,142,23,510.48
4918,212,21,175.75
4919,28,19,1530.89
4920,203,29,1728.6
4921,148,29,248.18
4922,246,29,427.47
4923,95,19,132.71
4924,258,28,189.6
4925,245,33,1471.04
4926,214,20,1744.99
4927,167,23,1420.73
4928,184,21,720.14
4929,320,24,792.51
4930,215,25,2101.41
4931,331,24,812.91
4932,163,30,2483.95
4933,314,20,726.11
4934,220,28,1354.94
4935,262,28,2025.37
4936,166,24,913.59
4937,81,22,1036.7
4938,296,23,1165.15
4939,152,27,957.03
4940,337,23,288.85
4941,253,30,114.09
4942,260,23,811.48
4943,348,30,1095.32
4944,198,23,1329.16
4945,146,26,2610.47
4946,1,30,1390.45
4947,66,30,1076.39
4948,115,30,438.25
4949,204,19,193.31
4950,101,16,1628.47
4951,275,33,4978.54
4952,326,30,2078.19
4953,84,27,1792.38
4954,175,20,74.79
4955,273,28,435.26
4956,60,35,369.22
4957,330,19,937.72
4958,119,20,741.54
4959,86,29,433.49
4960,176,21,418.42
4961,163,25,522.53
4962,190,28,640.1
4963,26,24,189.51
4964,29,27,178.01
4965,196,17,1861.8
4966,345,26,2411.81
4967,285,25,1533.5
4968,246,32,67.32
4969,319,33,162.83
4970,82,27,2408.08
4971,102,21,1032.25
4972,189,17,546.76
4973,349,16,762.75
4974,59,21,456.87
4975,199,21,104.16
4976,239,12,1026.21
4977,259,29,1503.36
4978,287,25,735.95
4979,149,22,420.45
4980,200,24,1126.53
4981,351,32,751.86
4982,182,26,271.89
4983,331,33,959.92
4984,273,24,26.07
4985,24,14,390.94
4986,260,28,1611.56
4987,116,26,1593.18
4988,141,27,695.92
4989,167,15,4987.18
4990,313,24,497.57
4991,19,18,414.35
4992,297,31,448.96
4993,268,33,1107.88
4994,39,26,746.99
4995,157,25,83.06
4996,198,21,1670.61
4997,225,29,501.92
4998,169,24,3734.57
4999,203,25,500.21
5000,26,28,1157.81
5001,72,23,1365.32
5002,36,34,1706.31
5003,65,28,3021.05
5004,290,27,1666.66
5005,72,31,627.12
5006,62,31,269.45
5007,144,23,212.29
5008,324,30,2451.19
5009,3,20,635.32
5010,261,22,1165.83
5011,345,28,25.48
5012,182,24,1220.12
5013,232,30,3057.18
5014,25,27,1374.32
5015,141,26,203.77
5016,162,19,296.46
5017,36,21,175.19
5018,285,21,2682.87
5019,255,19,1447.35
5020,102,27,607.17
5021,145,21,634.63
5022,57,30,286.79
5023,174,26,277.32
5024,325,25,964.28
5025,278,24,89.34
5026,229,23,404.64
5027,215,26,1865.82
5028,74,22,610.3
5029,209,29,705.11
5030,28,22,1354.57
5031,41,27,931.06
5032,219,24,918.85
5033,200,20,147.6
5034,244,22,72.3
5035,245,27,930.92
5036,47,14,4317.14
5037,303,27,1441.11
5038,68,23,126.25
5039,351,21,441.69
5040,73,17,1906.34
5041,84,23,437.77
5042,348,16,2817.22
5043,191,33,597.14
5044,275,20,1754.02
5045,122,26,2646.26
5046,231,33,339.43
5047,148,22,123.86
5048,262,30,207.36
5049,359,26,173.81
5050,224,27,1.08
5051,205,30,385.43
5052,318,31,1878.89
5053,360,27,832.92
5054,117,16,3087.01
5055,116,21,1728.17
5056,174,32,6553.38
5057,301,28,1384.71
5058,341,23,558.04
5059,157,29,234.24
5060,100,21,405.42
5061,41,19,250.01
5062,315,24,466.76
5063,178,26,266.15
5064,264,24,2112.79
5065,23,24,1059.51
5066,199,15,3487.57
5067,195,23,297.38
5068,213,16,459.85
5069,78,19,27.31
5070,7,29,292.31
5071,252,23,6305.58
5072,132,32,220.31
5073,348,23,1838.36
5074,251,16,1201.97
5075,199,17,846.39
5076,82,24,301.87
5077,90,27,85.67
5078,4,23,186.39
5079,248,28,6.19
5080,359,26,2004.67
5081,100,20,1028.2
5082,322,26,1607.33
5083,205,12,88.04
5084,332,21,391.76
5085,335,30,760.81
5086,189,28,321.29
5087,241,25,40.98
5088,13,25,657.67
5089,107,28,487.89
5090,247,19,274
5091,67,27,1400.82
5092,202,31,706.11
5093,284,27,976.28
5094,46,23,360.25
5095,5,17,40.22
5096,54,27,945.34
5097,81,26,515.02
5098,174,20,1513.54
5099,144,22,3887.23
5100,164,20,1354.46
5101,168,24,2646.33
5102,187,23,260.49
5103,121,21,476.68
5104,214,37,39.21
5105,347,30,2156.24
5106,322,34,2029.17
5107,72,22,202.2
5108,95,35,440.5
5109,70,30,67.19
5110,80,24,498.13
5111,250,20,272.95
5112,75,23,451.05
5113,237,19,122.56
5114,341,23,2424.43
5115,51,24,92.59
5116,113,28,1034.64
5117,250,20,91.77
5118,269,29,338.57
5119,342,22,155.33
5120,204,26,1785.19
5121,319,24,220.75
5122,31,21,935.06
5123,218,20,86.84
5124,132,17,502.02
5125,28,22,4181.23
5126,252,23,2476.71
5127,19,39,874.91
5128,115,31,2232.94
5129,117,18,363.32
5130,279,15,132.88
5131,12,20,315.64
5132,86,23,227.07
5133,103,29,122.17
5134,302,15,850.02
5135,1,27,77.36
5136,200,26,226.98
5137,249,23,3878.66
5138,80,24,1894.89
5139,211,29,520.95
5140,53,33,1294.35
5141,168,23,249.87
5142,13,26,2338.53
5143,19,28,129.55
5144,9,18,205.13
5145,326,31,1212.28
5146,186,31,381.4
5147,35,28,390.3
5148,167,21,516.73
5149,214,22,713.58
5150,67,24,174.09
5151,164,27,1287.32
5152,171,23,831.21
5153,191,22,1699.17
5154,138,22,80.14
5155,35,23,328.88
5156,322,17,985.83
5157,223,37,1433.94
5158,116,23,1473.91
5159,326,16,497.26
5160,30,24,209.23
5161,234,20,1450.53
5162,148,17,1040.34
5163,68,25,1122.88
5164,144,32,2422.62
5165,248,21,483.84
5166,64,30,154.32
5167,80,31,478.83
5168,199,19,242.82
5169,347,14,1602.71
5170,206,25,2423.7
5171,333,27,233.15
5172,175,38,352.32
5173,190,31,124.41
5174,179,21,664.67
5175,155,15,297.41
5176,212,23,4108.95
5177,293,22,1594.93
5178,48,16,477.52
5179,52,30,1000.83
5180,29,34,132.94
5181,276,28,1362.69
5182,236,32,735.66
5183,181,31,73.15
5184,224,24,28.45
5185,143,25,438.66
5186,10,28,296.13
5187,286,30,1114.48
5188,28,28,706.88
5189,68,32,552.65
5190,210,24,1513.07
5191,46,22,278.29
5192,350,22,2582.04
5193,300,23,3625.32
5194,7,27,327.46
5195,70,34,653.96
5196,171,29,1079.32
5197,221,25,63.52
5198,83,18,1530.58
5199,125,24,295.13
5200,319,29,413.22
5201,311,27,115.39
5202,242,26,1951.47
5203,345,23,154.85
5204,9,22,1518.62
5205,307,28,141.8
5206,354,19,2816.15
5207,271,32,414.06
5208,63,22,1020.54
5209,118,17,45.43
5210,17,36,179.47
5211,329,26,247.93
5212,106,30,924.49
5213,189,22,790.95
5214,147,36,714.36
5215,76,22,111.76
5216,307,29,2207.16
5217,186,24,59.74
5218,281,28,460.07
5219,172,29,1253.39
5220,187,38,262.61
5221,271,29,444.22
5222,312,26,9.25
5223,116,18,933.27
5224,239,20,287.31
5225,264,27,85.26
5226,282,30,1621.22
5227,153,28,403.84
5228,153,29,228.99
5229,34,22,111.68
5230,165,28,230.13
5231,161,32,44.15
5232,4,22,166.78
5233,154,29,1425.27
5234,306,23,1570.35
5235,52,22,233.71
5236,157,25,203.83
5237,238,30,1901.95
5238,190,27,1895.48
5239,253,22,2098.23
5240,33,30,1739
5241,227,26,1350.2
5242,82,21,2247.28
5243,95,24,5204.63
5244,119,17,1244.26
5245,335,16,1220.29
5246,176,23,100.12
5247,89,27,10.53
5248,17,24,36.67
5249,247,33,1534.21
5250,92,40,1029.98
5251,350,27,2149.95
5252,79,28,90.86
5253,136,22,960.02
5254,356,22,743.87
5255,142,19,404.69
5256,190,31,984.82
5257,21,28,89.18
5258,230,23,1009.66
5259,245,22,132.24
5260,163,34,124.39
5261,329,23,275.54
5262,211,19,2110.35
5263,270,28,619.37
5264,69,30,287.98
5265,202,24,2341.05
5266,198,34,1765.02
5267,308,23,111.61
5268,340,27,541.4
5269,330,22,2755.23
5270,17,23,310.91
5271,95,17,3128.17
5272,154,28,801
5273,122,24,931.49
5274,106,20,1449
5275,24,28,420.56
5276,242,28,1758.08
5277,353,29,323.76
5278,340,31,233.38
5279,241,20,670.31
5280,184,25,1474.94
5281,23,19,883.54
5282,340,20,802.08
5283,358,28,138.99
5284,130,26,939.79
5285,169,22,1558.16
5286,290,24,98.69
5287,5,33,2650.05
5288,21,26,229.22
5289,319,27,1366.39
5290,359,23,3321.4
5291,275,22,845.08
5292,122,24,1520.53
5293,156,22,945.27
5294,260,22,283.41
5295,324,29,309.94
5296,150,18,1821.48
5297,84,15,720.47
5298,190,26,442.51
5299,136,22,970.17
5300,305,26,244.48
5301,2,25,60.74
5302,86,23,640.7
5303,227,28,907.19
5304,230,24,339.92
5305,21,29,58.36
5306,10,21,774.5
5307,213,16,477.43
5308,52,27,1468.45
5309,233,26,2953.19
5310,28,33,139.66
5311,74,18,193.91
5312,175,30,1566.35
5313,284,27,2027.97
5314,1,19,265.84
5315,72,25,1372.71
5316,268,19,1042.92
5317,202,30,333.42
5318,341,26,856.42
5319,40,24,1637.83
5320,188,22,2129.23
5321,138,26,4809.02
5322,356,19,570.56
5323,312,13,105.59
5324,286,10,629.79
5325,187,30,212.06
5326,156,30,1802.33
5327,161,22,7056.82
5328,199,29,3337.46
5329,7,18,67.49
5330,229,31,1275.9
5331,134,30,953.82
5332,16,27,2788.88
5333,188,25,188.58
5334,198,26,3535.49
5335,45,18,843.4
5336,251,22,757.28
5337,63,23,612.38
5338,235,32,70.34
5339,288,24,598.99
5340,18,24,29.07
5341,120,26,349.16
5342,127,25,1335.57
5343,257,26,791.59
5344,341,27,500.28
5345,35,21,972.05
5346,310,28,438.9
5347,27,24,1410.63
5348,209,32,4502.62
5349,202,23,152.81
5350,199,18,89.04
5351,305,25,1761.91
5352,161,29,5097.45
5353,133,30,1083.15
5354,158,29,126.06
5355,327,24,662.5
5356,135,30,337.91
5357,220,23,261.52
5358,187,27,23.14
5359,66,27,2184.52
5360,346,20,1088.34
5361,28,25,2141.27
5362,283,20,89.81
5363,225,26,712.78
5364,284,37,1691.94
5365,282,23,2648.94
5366,76,27,904.45
5367,272,17,529.92
5368,42,24,59.73
5369,280,22,162.08
5370,55,30,2442.16
5371,222,23,2699.88
5372,173,25,505.06
5373,283,31,1580.91
5374,142,25,728.14
5375,94,25,447.53
5376,28,24,146.08
5377,164,23,246.22
5378,360,27,374.67
5379,274,32,502.83
5380,306,28,2130.78
5381,38,24,205.16
5382,255,32,1386.68
5383,326,27,1569.22
5384,68,19,3620.12
5385,308,22,2416.94
5386,280,32,1475.23
5387,220,25,2022.39
5388,318,35,1580.9
5389,70,25,861.64
5390,318,32,622.69
5391,336,29,1965
5392,195,30,2075.55
5393,215,26,380.04
5394,289,23,1297.62
5395,92,27,964.77
5396,29,20,88.68
5397,161,18,586.73
5398,110,29,750.76
5399,30,17,1409.64
5400,322,17,1850.46
5401,14,27,1585.76
5402,221,25,383.93
5403,158,24,4242.7
5404,181,25,1059.61
5405,190,29,1067.86
5406,328,22,1577.35
5407,182,20,713.2
5408,245,33,2111.07
5409,171,19,1500.78
5410,227,32,426.05
5411,196,26,883.95
5412,183,24,764.46
5413,309,22,2004.58
5414,130,26,1896.35
5415,155,24,750.55
5416,343,32,1837.15
5417,354,27,746.38
5418,257,30,360.1
5419,197,26,2211.19
5420,19,18,224.21
5421,66,26,564.92
5422,90,22,320.43
5423,110,25,1581.71
5424,171,29,2782.02
5425,261,19,1330.37
5426,101,24,557.08
5427,59,16,686.08
5428,321,23,651.99
5429,352,33,690.55
5430,176,23,124.64
5431,170,27,70.5
5432,231,14,76.91
5433,208,21,1566.44
5434,228,26,2650.91
5435,350,29,623.3
5436,308,29,1441.03
5437,281,21,1606.46
5438,357,18,494.26
5439,301,21,471.52
5440,319,25,531.33
5441,347,22,1410.5
5442,293,22,3961.24
5443,324,23,132.14
5444,230,24,1843.33
5445,325,23,529.77
5446,206,28,1424.72
5447,134,15,2818.68
5448,192,25,2164.27
5449,64,23,2007.71
5450,305,23,1952.17
5451,24,16,758.97
5452,67,19,873.81
5453,289,30,444.34
5454,284,24,108.52
5455,339,26,158.79
5456,145,19,37.88
5457,260,24,688.93
5458,109,24,659.43
5459,360,15,888.84
5460,162,17,1867.1
5461,81,26,1190.16
5462,113,27,1944.23
5463,288,25,74.15
5464,197,25,925.41
5465,179,28,464.29
5466,271,29,231.61
5467,348,22,181.36
5468,188,26,842.97
5469,14,30,3752.22
5470,173,32,86.05
5471,14,29,721.88
5472,60,23,26.63
5473,19,22,855.51
5474,332,33,2541.01
5475,318,15,372.95
5476,95,29,1109.83
5477,55,19,424.78
5478,96,26,692.59
5479,269,24,1103.54
5480,271,23,273.91
5481,34,21,1089.66
5482,25,18,1496.88
5483,104,29,981.09
5484,38,27,458.27
5485,221,30,35.7
5486,70,24,1350.97
5487,138,27,742.92
5488,76,26,45.06
5489,183,28,77.96
5490,92,16,253.95
5491,103,21,2561.85
5492,98,26,1823.87
5493,99,38,639.35
5494,151,20,827.65
5495,172,24,4.62
5496,194,24,449.78
5497,351,18,1215.04
5498,244,21,84.05
5499,166,20,585.17
5500,203,21,347.48
5501,214,29,1434.18
5502,252,24,147.43
5503,187,17,43.75
5504,89,24,2768.32
5505,83,31,2395.93
5506,255,20,2737.11
5507,127,24,333.67
5508,276,26,3085.53
5509,154,18,190.48
5510,131,26,538.45
5511,184,26,3682.16
5512,37,23,1936.34
5513,282,32,2175.03
5514,11,39,1257.31
5515,165,28,926.63
5516,255,22,8.86
5517,50,19,812.99
5518,52,20,556.19
5519,55,27,795.74
5520,290,25,31.31
5521,244,23,293.54
5522,112,22,2029.9
5523,200,24,1669.05
5524,36,31,1331.23
5525,58,26,526.95
5526,251,34,369.57
5527,323,29,21.32
5528,350,30,1926.11
5529,43,28,4272.86
5530,306,24,686.92
5531,120,27,1465.17
5532,178,13,290.82
5533,275,29,500.68
5534,351,31,564.51
5535,258,25,847.15
5536,358,24,1154.35
5537,278,24,188.5
5538,344,21,2028.9
5539,190,20,738.87
5540,111,26,2242.66
5541,97,22,4253.61
5542,332,28,1195.81
5543,13,25,898.88
5544,66,18,2150.7
5545,199,27,2301.7
5546,153,25,42.83
5547,299,37,382.12
5548,146,28,24.33
5549,301,22,259.35
5550,71,31,1373.08
5551,202,25,129.52
5552,98,21,582.95
5553,88,23,3339.16
5554,154,27,539.59
5555,206,21,1002.04
5556,101,26,1869.01
5557,60,17,341.93
5558,154,26,85.42
5559,290,24,1445.52
5560,154,27,2045.31
5561,249,30,229.81
5562,294,26,1695.87
5563,338,30,98.95
5564,341,23,461.54
5565,142,29,2076.4
5566,227,25,595.18
5567,91,23,1011.95
5568,32,28,2956.35
5569,57,26,404.72
5570,261,24,1163.68
5571,256,21,1091.74
5572,70,22,1158.22
5573,197,30,1062.71
5574,271,29,1151.03
5575,5,28,1108.73
5576,355,31,1068.35
5577,216,22,32.41
5578,262,28,144.1
5579,89,21,274.65
5580,208,25,1165.29
5581,4,26,1988.32
5582,202,30,140.9
5583,282,25,58.97
5584,313,23,93.5
5585,331,26,1460.28
5586,104,25,643.31
5587,190,26,417.57
5588,30,24,452.85
5589,205,22,1726.64
5590,4,26,68.5
5591,46,23,1130.44
5592,88,30,187.14
5593,132,27,539.91
5594,325,32,378.63
5595,214,27,56.41
5596,30,20,232.03
5597,64,29,535.91
5598,32,16,238.66
5599,344,38,2121.32
5600,254,25,1395.78
5601,162,20,1348.99
5602,198,21,203.67
5603,261,25,553.02
5604,193,17,360.51
5605,256,23,141.83
5606,204,21,3185.06
5607,160,22,328.72
5608,15,23,699.23
5609,41,30,887.5
5610,142,34,2044.94
5611,305,25,563.89
5612,187,24,352.27
5613,4,27,43.52
5614,174,34,1709.1
5615,122,30,224.36
5616,88,16,1355.87
5617,300,30,550.58
5618,206,16,2778.27
5619,320,25,645.49
5620,248,20,463.33
5621,301,29,267.33
5622,232,15,380.94
5623,286,29,801.98
5624,65,24,387.68
5625,258,21,3116.89
5626,274,17,40.6
5627,77,15,303.79
5628,277,28,617.36
5629,247,20,2159.89
5630,257,32,232.18
5631,136,26,186.44
5632,119,23,31.65
5633,161,23,94.68
5634,175,25,1004.81
5635,88,23,92.95
5636,115,27,596.34
5637,347,32,2.89
5638,159,29,1263.51
5639,142,22,2018.34
5640,105,26,109.11
5641,162,29,1212.3
5642,11,22,435.44
5643,330,20,611.39
5644,323,24,115.08
5645,281,22,130.27
5646,162,28,4094.03
5647,145,28,81.29
5648,207,30,347.76
5649,303,17,670.4
5650,207,25,75.86
5651,56,27,3213.39
5652,310,24,726.92
5653,99,24,714.16
5654,121,28,1370.15
5655,150,33,1018.33
5656,165,26,51.85
5657,337,26,2857.26
5658,266,28,113
5659,344,30,363.98
5660,70,17,286.09
5661,192,24,3451.19
5662,336,22,756.76
5663,270,24,683.27
5664,144,27,1661.17
5665,223,31,1921.83
5666,106,25,917.03
5667,80,30,1218.62
5668,240,25,2105.63
5669,328,25,1051
5670,33,32,1103.32
5671,279,25,196.76
5672,332,29,1728.2
5673,129,19,173.15
5674,208,26,117.14
5675,208,30,786.55
5676,326,26,2022.61
5677,123,30,929.62
5678,36,22,835.84
5679,154,32,278.71
5680,52,32,177.35
5681,203,23,443.14
5682,109,27,79.25
5683,303,19,393.36
5684,18,31,878.9
5685,97,22,232.35
5686,127,27,248.35
5687,177,32,770
5688,143,28,79.18
5689,5,18,1663.45
5690,70,23,57.66
5691,244,35,1260.66
5692,303,24,855.68
5693,77,23,1091.61
5694,339,34,68.28
5695,146,18,123.79
5696,19,20,207
5697,254,24,1181.28
5698,308,21,1625.18
5699,191,22,1982.52
5700,270,26,2009.27
5701,245,24,322
5702,1,30,363.81
5703,112,23,1252.94
5704,355,23,1137.1
5705,178,28,219.36
5706,179,23,145.4
5707,245,27,132.64
5708,79,21,1185.76
5709,140,21,1221.29
5710,350,20,127.82
5711,295,12,229.49
5712,210,22,223
5713,278,28,3015.63
5714,312,17,6.08
5715,145,28,605.26
5716,93,26,2833.39
5717,141,31,3115.21
5718,115,31,1443.08
5719,331,23,705.15
5720,327,34,691.66
5721,173,25,1201.85
5722,226,29,86.6
5723,260,21,34.29
5724,40,12,193.34
5725,151,22,440.8
5726,261,35,2289.81
5727,134,24,740.65
5728,305,22,332.83
5729,354,17,689.61
5730,139,24,240.81
5731,133,24,246.14
5732,128,28,1770.01
5733,66,29,24.66
5734,214,28,1261.94
5735,56,24,869.09
5736,23,29,596.93
5737,279,25,2455.82
5738,251,29,88.58
5739,153,21,1031.48
5740,186,21,598.34
5741,198,24,192.38
5742,264,21,1239.27
5743,142,22,461.09
5744,217,25,1195.92
5745,43,25,1500.92
5746,120,31,3228.88
5747,131,18,1996.16
5748,238,30,439.69
5749,96,32,88
5750,195,28,291.19
5751,211,31,814.52
5752,294,30,446.81
5753,31,18,51.71
5754,71,22,1774.69
5755,118,27,427.11
5756,147,20,733.5
5757,92,30,828.94
5758,152,32,657.68
5759,314,22,308.78
5760,7,36,1606.03
5761,20,37,742.21
5762,84,14,484.76
5763,99,24,992.87
5764,179,24,700.25
5765,135,33,2850.41
5766,25,26,246.67
5767,166,26,707.64
5768,56,24,50.86
5769,90,28,2229.32
5770,108,29,1041.39
5771,115,27,861.29
5772,89,15,324.8
5773,116,17,2809.4
5774,76,28,171.71
5775,1,32,1019.07
5776,58,25,431.38
5777,22,33,413.42
5778,90,22,299.04
5779,97,25,1380.53
5780,11,23,344.17
5781,34,20,1019.62
5782,114,25,1804.3
5783,178,27,207.6
5784,85,22,2338.23
5785,69,19,1332.21
5786,94,37,527.61
5787,128,26,195.43
5788,55,31,148.54
5789,301,24,1264.7
5790,48,26,349.34
5791,17,21,884.97
5792,53,26,426.96
5793,226,18,425.42
5794,330,16,2294.06
5795,2,24,1204.23
5796,127,22,490.67
5797,159,27,346.46
5798,334,19,1860.07
5799,30,28,2463.62
5800,34,24,858.34
5801,297,20,354.2
5802,318,25,1240.87
5803,350,25,1560.45
5804,156,18,218.42
5805,224,29,631.18
5806,171,24,655.45
5807,70,23,444.56
5808,359,31,968.57
5809,69,31,2217.55
5810,305,22,497.47
5811,191,20,867.51
5812,130,23,2294.82
5813,47,24,1854.37
5814,242,20,119.83
5815,119,29,2048.39
5816,41,20,1241.85
5817,332,24,155.69
5818,187,22,299.55
5819,307,18,51.27
5820,229,25,1367.42
5821,198,20,498.81
5822,228,21,1130.78
5823,340,23,785.69
5824,142,10,1208.03
5825,135,24,810.98
5826,194,28,232.1
5827,156,34,1635.84
5828,304,32,55.29
5829,76,21,64.95
5830,132,26,859.97
5831,347,21,143.23
5832,175,28,438.38
5833,344,29,629.8
5834,315,23,227.81
5835,341,16,1399.2
5836,93,24,532.31
5837,72,26,450.07
5838,227,31,855.09
5839,309,28,2416.87
5840,283,18,214.82
5841,167,30,756.69
5842,41,22,205.75
5843,163,26,169.73
5844,1,29,166.01
5845,226,32,120.16
5846,189,30,608.05
5847,179,21,1305.09
5848,4,25,308.01
5849,146,26,1076.28
5850,86,26,66.67
5851,140,34,1183.34
5852,135,32,182.88
5853,294,30,1643.81
5854,73,21,2338.26
5855,333,27,138.69
5856,193,27,726.76
5857,16,27,3192.66
5858,102,27,228.93
5859,237,32,868.44
5860,126,20,2860.31
5861,317,22,172.13
5862,250,19,3104.76
5863,174,25,3266
5864,189,28,49.23
5865,146,32,1296.65
5866,156,21,1055.11
5867,232,28,141.73
5868,345,33,2024.25
5869,306,29,158.44
5870,280,25,384.47
5871,119,21,526.35
5872,145,24,563.3
5873,190,29,288.91
5874,113,27,232.54
5875,139,23,1909.69
5876,320,26,127.33
5877,324,27,495.44
5878,55,35,791.25
5879,353,27,977.34
5880,152,21,504.5
5881,213,22,2541.72
5882,243,25,1736.4
5883,7,19,1878.51
5884,233,29,572.44
5885,100,23,1418.99
5886,178,28,2062.84
5887,44,17,1968.77
5888,176,27,500.89
5889,304,25,6241.46
5890,331,17,727.46
5891,347,24,267.18
5892,286,19,1520.34
5893,160,13,689.55
5894,331,26,922.32
5895,257,22,311.98
5896,78,27,1714.97
5897,333,18,1299.48
5898,197,35,645.66
5899,216,24,414
5900,34,23,384.21
5901,270,24,2175.76
5902,113,13,418.03
5903,333,24,109.6
5904,178,20,1008.11
5905,95,39,1112.06
5906,214,27,375.48
5907,102,21,2566.83
5908,307,17,1349.43
5909,263,28,776.69
5910,285,12,1421.31
5911,191,22,1240.96
5912,62,18,1304.78
5913,23,20,388.08
5914,149,23,53.15
5915,188,21,67.63
5916,112,18,1426.7
5917,94,23,181.42
5918,227,26,347.17
5919,210,29,700.31
5920,78,17,2457.94
5921,69,30,1298.09
5922,46,24,4383.64
5923,104,27,1812.67
5924,168,15,178.14
5925,187,26,1330.02
5926,347,32,1168.9
5927,346,22,93.73
5928,139,30,1338.18
5929,150,10,862.16
5930,253,28,941.61
5931,346,37,2934.3
5932,307,25,906.23
5933,93,21,910.95
5934,246,32,197.16
5935,271,21,1477.45
5936,169,24,223.4
5937,176,23,486.38
5938,105,29,1411.66
5939,265,23,379.7
5940,303,29,401.84
5941,6,23,1166.88
5942,144,23,478.98
5943,286,21,216.76
5944,219,23,2664.89
5945,136,27,628.23
5946,30,32,842.63
5947,326,21,1571.25
5948,116,27,1066.68
5949,206,34,1428.69
5950,82,25,138.39
5951,175,29,827.62
5952,42,32,2217.14
5953,263,19,198.74
5954,154,22,1961.27
5955,74,26,1455.69
5956,35,22,1437.78
5957,104,33,579.49
5958,1,34,190.28
5959,200,28,293.95
5960,193,26,654.51
5961,194,24,1105.06
5962,261,24,51.36
5963,137,27,802.05
5964,278,29,828.94
5965,172,23,2499.66
5966,332,23,1616.39
5967,260,23,1441.67
5968,355,21,2864.03
5969,75,20,2663.92
5970,84,27,168.75
5971,110,22,1227.57
5972,141,21,308.59
5973,188,22,1140.99
5974,236,26,545.21
5975,306,20,214.95
5976,335,33,606.25
5977,90,20,1097.3
5978,112,32,381.49
5979,322,22,226.17
5980,28,26,1889.78
5981,345,30,869.77
5982,122,34,1313.08
5983,60,27,339.2
5984,316,28,830.89
5985,7,32,554.95
5986,156,33,436.55
5987,220,25,205.55
5988,271,26,316.63
5989,59,19,451.53
5990,34,18,301.38
5991,284,18,361.59
5992,346,26,5168.13
5993,9,25,258.92
5994,167,28,73.76
5995,334,31,1235.07
5996,131,18,495.72
5997,140,24,2727.12
5998,326,20,105.79
5999,173,20,311.54
6000,190,18,314.69
